first_name,last_name,email,password_hash,phone_number,date_of_birth,time_on_app,user_type,is_active,last_payment_method,reviews,last_ip,last_coordinates,last_device,last_browser,last_os,last_login,last_logout,in_cart,wishlist,last_search,created_date,generated_at,purchase_count,total_spent
Gus,Mcbea,gusmcbea@outlook.com,weOn7cEfE5cRZcOe,0532938129,08/09/1982,18 hours 49 minutes 14 seconds,premium,true,stripe,"[""The way I was treated, I could not believe my ears. Hope you don't have to go through this photography book."", ""I love this gaming chair cushions.""]",194.155.247.18,"LAT: 3, LONG: 174",ios,firefox,ios,10/10/2022 12:25:35,03/11/2024 07:39:14,"[""recliner"", ""dining table accessories"", ""garden bench""]","[""bar stools"", ""sectional sofa"", ""bookshelf"", ""sofa covers"", ""dining table""]",recliner accessories,06/01/2024,2025-07-31 16:57:57,4,1598.76
Mia,Diyas,miadiyas@outlook.com,R8nGUtBz3hvPy1pN,4849663736,09/29/1989,30 hours 56 minutes 51 seconds,regular,true,paypal,"[""I am very happy with the way that this ballet flats has changed the very way that I live."", ""I hate this electric kettle."", ""The way I was treated, I could not believe my ears. Hope you don't have to go through this coffee maker."", ""I am very excited to try out this remote control toy storage. I have heard some many positive things!""]",248.143.17.134,"LAT: 45, LONG: 113",ios,chrome,ios,05/02/2022 10:12:01,05/23/2024 02:31:41,"[""parka"", ""t-shirt"", ""blazer""]","[""dress shirt"", ""coat"", ""pajamas""]",dress shirt,06/01/2024,2025-07-31 16:57:57,0,0
Gabe,Laoona,gabelaoona@yahoo.com,YPZBeFtkZlp48c25,0015972706,12/07/2003,61 hours 8 minutes 25 seconds,premium,true,credit_card,"[""I am very frustrated with the Customer Service, they kept dropping my calls monitor."", ""The way I was treated, I could not believe my ears. Hope you don't have to go through this dishwasher.""]",111.43.202.20,"LAT: 33, LONG: 115",windows,safari,windows,01/16/2023 16:12:10,08/13/2024 13:22:49,"[""slow cooker"", ""coffee maker"", ""electric kettle parts"", ""humidifier filters""]","[""slow cooker"", ""humidifier""]",stove,06/01/2024,2025-07-31 16:57:57,2,458.83
Vic,Eve,viceve@outlook.com,1MG8deiRXaufJzSZ,4211844000,06/23/1979,53 hours 13 minutes 44 seconds,regular,true,stripe,"[""I am very frustrated with the Customer Service, they kept dropping my calls foam roller."", ""I am very happy with the way that this coat"", ""My son bought this book storage box and he has been telling me how happy he is with this book storage box!""]",212.166.217.178,"LAT: -64, LONG: -93",windows,firefox,windows,07/01/2022 20:52:30,11/11/2022 03:54:59,"[""hand cream"", ""slippers""]","[""makeup bag"", ""slippers"", ""comb""]",makeup brushes,06/01/2024,2025-07-31 16:57:57,0,0
Ned,Vanliason,nedvanliason@yahoo.com,Pnu02cEFfssMhbJC,6428656437,02/07/1975,40 hours 37 minutes 17 seconds,regular,true,paypal,"[""I am cannot believe my eyes when I saw this baking set. I am very happy with this baking set""]",163.150.250.105,"LAT: 13, LONG: -79",windows,safari,windows,04/24/2023 03:43:37,07/30/2022 02:05:14,"[""pet crate"", ""pet carrier"", ""pet comb"", ""pet food storage container""]","[""pet dental care kit"", ""pet food storage container"", ""pet feeding mat"", ""pet toothbrush""]",pet first aid kit,06/01/2024,2025-07-31 16:57:57,2,4578.0199999999995
Jay,Mcnoahton,jaymcnoahton@hotmail.com,XZTh0vjcfUWIrbgv,7823173005,02/14/1956,51 hours 14 minutes 45 seconds,regular,true,paypal,"[""I am very frustrated with the Customer Service, they kept dropping my calls loungewear."", ""I am very happy with the way that this cutting board set has changed the very way that I live."", ""I am very satisfied with this gaming chair"", ""The way I was treated, I could not believe my ears. Hope you don't have to go through this pilates reformer.""]",193.200.143.188,"LAT: -45, LONG: 58",unknown,chrome,MacOS,04/17/2022 02:20:36,04/25/2024 13:50:47,"[""shoe care kit"", ""arch support"", ""slipper socks"", ""ballet flats"", ""work boots""]","[""ballet flats"", ""slipper socks""]",slippers,06/01/2024,2025-07-31 16:57:57,0,0
Fay,Frank,fayfrank@hotmail.com,Mqiuew1337slsk6s,2285563717,04/24/1975,81 hours 6 minutes 6 seconds,regular,true,credit_card,"[""I am cannot believe my eyes when I saw this hiking boots. I am very happy with this hiking boots"", ""I am very happy with trench coat"", ""My son bought this monitor stand and he has been telling me how happy he is with this monitor stand!""]",94.171.198.179,"LAT: 2, LONG: -96",windows,firefox,windows,01/04/2022 06:35:37,01/24/2022 22:19:26,"[""baseball bat""]","[""sports towel"", ""basketball hoop"", ""sports gloves"", ""exercise bike"", ""sports headband""]",yoga mat,06/01/2024,2025-07-31 16:57:57,0,0
Ria,Macxia,riamacxia@hotmail.com,HmbVDY1ITdGOp48h,0654565003,04/04/1973,48 hours 7 minutes 39 seconds,premium,true,paypal,"[""I am very excited to try out this blazer. I have heard some many positive things!"", ""The way I was treated, I could not believe my ears. Hope you don't have to go through this garden bench."", ""Wow this is an amazing pet bed accessories."", ""The amount of time I have save using this bookshelf organizers is amazing! I am very happy with this bookshelf organizers"", ""The way I was treated, I could not believe my ears. Hope you don't have to go through this webcam.""]",183.29.187.25,"LAT: 24, LONG: 18",ios,safari,ios,01/30/2024 23:07:45,10/03/2023 20:50:34,"[""remote control boat"", ""musical instruments for kids""]","[""educational toys"", ""video game console"", ""toy organizers""]",video game console,06/01/2024,2025-07-31 16:57:57,1,506.95
Cara,Lesam,caralesam@outlook.com,IRKhQKa6zb0Hkcpu,6370217438,07/03/1956,70 hours 57 minutes 40 seconds,free-trial,true,stripe,"[""I am very happy with remote control boat"", ""I am very frustrated with the Customer Service, they kept dropping my calls laptop stand."", ""I am very happy with this book covers"", ""My son bought this VR headset and he has been telling me how happy he is with this VR headset!"", ""Wow this is an amazing hockey stick.""]",216.251.176.88,"LAT: 23, LONG: 95",unknown,safari,linux,06/15/2023 14:27:52,09/02/2022 11:13:05,"[""wedge sandals"", ""boot shaper"", ""shoe organizer"", ""flip flops""]","[""waterproof spray"", ""heels"", ""ankle boots"", ""boot shaper"", ""shoe laces""]",ankle boots,06/01/2024,2025-07-31 16:57:57,0,0
Luna,Ofay,lunaofay@aol.com,pWxkbvhRutIWtR9t,9547285501,02/07/1973,95 hours 51 minutes 26 seconds,premium,true,paypal,"[""Wow I cannot believe this treadmill"", ""I am very happy with this coffee maker"", ""My son bought this shoe bags and he has been telling me how happy he is with this shoe bags!"", ""I am very happy with this USB flash drive"", ""The way the kitchen utensils set has changed my life, I could not believe my eyes when I saw this kitchen utensils set!""]",189.130.56.220,"LAT: -58, LONG: -59",windows,safari,windows,07/12/2024 21:22:42,04/13/2022 00:32:26,"[""fitness tracker band"", ""wireless mouse"", ""action camera mount"", ""monitor"", ""drone""]","[""VR headset accessories"", ""laptop"", ""keyboard""]",action camera,06/01/2024,2025-07-31 16:57:57,0,0
Amber,Deemma,amberdeemma@outlook.com,JRrlfoXoHdPPKMpw,8466927676,01/04/1952,71 hours 52 minutes 9 seconds,free-trial,true,credit_card,"[""I am very happy with loungewear""]",244.223.91.205,"LAT: 36, LONG: 54",ios,firefox,ios,09/04/2022 19:07:14,02/22/2022 09:48:18,"[""wardrobe"", ""dining table"", ""mattress protector"", ""sectional sofa covers"", ""wardrobe organizers""]","[""bed frame accessories""]",office chair,06/01/2024,2025-07-31 16:57:57,5,6152.680000000001
Xander,Diike,xanderdiike@outlook.com,PHTPlsYZ7bz5EJPe,0546410919,09/19/1962,84 hours 28 minutes 14 seconds,regular,false,paypal,"[""I could not believe how rude the Customer service agent was. I am very dissatisfied with this video game console accessories."", ""My son bought this ballet flats and he has been telling me how happy he is with this ballet flats!""]",231.157.68.149,"LAT: -86, LONG: -86",ios,firefox,ios,06/18/2024 20:31:12,07/06/2023 06:49:09,"[""trampoline accessories"", ""video game console"", ""arts and crafts kits"", ""educational toy storage""]","[""dollhouse"", ""toy boxes""]",play kitchen,06/01/2024,2025-07-31 16:57:57,1,950.02
Hoa,Vonhoa,hoavonhoa@outlook.com,26lyLuFklBbN1cMq,6353254887,05/14/1963,122 hours 27 minutes 33 seconds,premium,false,paypal,"[""The amount of time I have save using this remote control drone is amazing! I am very happy with this remote control drone"", ""I am very satisfied with this monitor"", ""The way this sports watch has changed my life, I could not believe my eyes when I saw this sports watch!"", ""I am very happy with pet grooming wipes"", ""I am very happy with monitor""]",26.61.96.123,"LAT: 57, LONG: -54",android,chrome,android,05/31/2022 15:07:23,09/20/2024 18:42:30,"[""can opener"", ""spatula"", ""cookware set"", ""kitchen towels"", ""cutting board""]","[""colander"", ""cutting board"", ""food processor""]",ceramic cookware,06/01/2024,2025-07-31 16:57:57,2,4654.18
Hank,Miaton,hankmiaton@protonmail.com,LriYf8fLmk2GGx58,1830926891,08/13/1999,74 hours 49 minutes 42 seconds,regular,true,paypal,"[""I could not believe how rude the Customer service agent was. I am very dissatisfied with this blender."", ""Well worth the money on this hair accessories set"", ""I am very frustrated with the Customer Service, they kept dropping my calls ankle boots."", ""Well worth the money on this pet toothpaste"", ""I am very happy with the way that this smart thermostat has changed the very way that I live.""]",2.39.10.90,"LAT: 70, LONG: 7",android,safari,android,08/04/2023 14:19:08,11/26/2024 22:47:52,"[""remote control car"", ""dollhouse accessories""]","[""video game console accessories"", ""play kitchen accessories""]",robot building kit,06/01/2024,2025-07-31 16:57:57,1,1223.79
Uma,Mczackley,umamczackley@yahoo.com,TMMXzJ0u32AolZF2,1944584526,04/22/1980,20 hours 58 minutes 55 seconds,premium,true,stripe,"[""The way the wardrobe organizers has changed my life, I could not believe my eyes when I saw this wardrobe organizers!"", ""I am very dissatisfied with the way that this kitchen knife set."", ""I am cannot believe my eyes when I saw this electric kettle parts. I am very happy with this electric kettle parts"", ""Well worth the money on this socks""]",178.179.154.145,"LAT: 63, LONG: 8",unknown,firefox,linux,05/16/2022 05:32:09,07/22/2024 17:23:56,"[""biography""]","[""young adult novel"", ""book storage box"", ""book display stand"", ""book covers"", ""reading light""]",bookshelf organizers,06/01/2024,2025-07-31 16:57:57,2,2366.77
Jake,Xander,jakexander@protonmail.com,oJlhAuwbhpldQ7Lp,0696311493,10/20/1962,93 hours 9 minutes 34 seconds,premium,true,credit_card,"[""I am very happy with this kitchen gadgets set""]",148.33.111.64,"LAT: -67, LONG: 24",unknown,safari,MacOS,07/03/2023 18:34:10,07/29/2024 10:09:29,"[""shoe laces"", ""shoe bags"", ""heel grips"", ""flip flops"", ""slippers""]","[""shoe polish"", ""shoe organizer""]",shoe bags,06/01/2024,2025-07-31 16:57:57,2,1364.3999999999999
Leo,Lapamley,leolapamley@gmail.com,jZYVWToTCRUpbG19,1894969643,05/13/1971,26 hours 17 minutes 42 seconds,regular,true,credit_card,"[""I am very satisfied with this desktop computer""]",60.241.78.25,"LAT: -18, LONG: 101",android,chrome,android,03/04/2024 23:01:19,02/01/2022 13:08:29,"[""gaming headset"", ""smart plug"", ""laptop"", ""smart home hub"", ""external hard drive""]","[""wireless mouse"", ""camera bag"", ""4K TV"", ""smart doorbell"", ""action camera mount""]",camera,06/01/2024,2025-07-31 16:57:57,1,56.03
Nate,Elmia,nateelmia@aol.com,ImMqr6WN8IRXWYsR,6505962140,12/12/1959,12 hours 13 minutes 21 seconds,premium,true,stripe,"[""The way I was treated, I could not believe my ears. Hope you don't have to go through this coffee table books.""]",136.171.196.106,"LAT: 3, LONG: -142",unknown,firefox,linux,07/28/2023 14:06:37,03/31/2023 16:17:17,"[""external hard drive"", ""laptop stand"", ""laptop"", ""home security system"", ""wireless mouse""]","[""VR headset accessories"", ""phone case"", ""gaming console"", ""microphone"", ""gaming keyboard""]",camera tripod,06/01/2024,2025-07-31 16:57:57,3,9617.02
Troy,Saintbob,troysaintbob@gmail.com,jQMaN3cdosG8AbOB,3821903361,11/26/1966,32 hours 50 minutes 46 seconds,regular,true,credit_card,"[""Wow I cannot believe this hair dryer"", ""I am very happy with the way that this slow cooker has changed the very way that I live.""]",104.156.40.234,"LAT: -83, LONG: -3",ios,firefox,ios,05/03/2023 22:17:43,11/17/2024 09:43:13,"[""storage ottoman"", ""wardrobe organizers"", ""patio umbrella"", ""bar stools""]","[""bed"", ""bookshelf organizers""]",sofa covers,06/01/2024,2025-07-31 16:57:57,1,2237.51
Gina,Ozack,ginaozack@yahoo.com,jGY1a1tx5r3wXOkP,5155905160,01/23/1961,55 hours 35 minutes 10 seconds,regular,true,paypal,"[""I am very happy with the way that this rice cooker parts has changed the very way that I live."", ""Well worth the money on this action camera mount""]",73.175.148.162,"LAT: 68, LONG: 21",windows,chrome,windows,12/06/2022 03:44:49,01/08/2023 10:02:54,"[""microphone"", ""wireless mouse""]","[""smart doorbell"", ""4K TV"", ""VR headset"", ""webcam"", ""home security system""]",camera tripod,06/01/2024,2025-07-31 16:57:57,1,600.17
Yara,Alpeter,yaraalpeter@outlook.com,lyjyWyanhW3kOs95,7374374982,04/30/1999,62 hours 49 minutes 47 seconds,regular,true,stripe,"[""I want to thank you for this dress shoes, it has changed my life. I am very happy with this dress shoes!"", ""The way I was treated, I could not believe my ears. Hope you don't have to go through this children's book."", ""I am very dissatisfied with the way that this bookmarks."", ""My son bought this makeup remover wipes and he has been telling me how happy he is with this makeup remover wipes!"", ""I am very happy with tennis racket""]",203.77.116.139,"LAT: -63, LONG: -168",unknown,firefox,MacOS,11/10/2024 16:17:41,11/23/2023 07:28:29,"[""socks"", ""pajamas"", ""dress"", ""loungewear"", ""jeans""]","[""blazer"", ""sweater"", ""trench coat"", ""socks""]",dress shirt,06/01/2024,2025-07-31 16:57:57,2,1283.05
Ray,Max,raymax@outlook.com,ZeHcCK4En7znvBqw,9819111862,02/03/2005,109 hours 37 minutes 20 seconds,regular,true,stripe,"[""I want to thank you for this pet nail clippers, it has changed my life. I am very happy with this pet nail clippers!""]",34.215.250.181,"LAT: 26, LONG: 44",ios,safari,ios,12/20/2022 13:32:38,01/02/2022 18:27:43,"[""phone case"", ""USB flash drive""]","[""external hard drive"", ""gaming console"", ""fitness tracker""]",e-reader,06/01/2024,2025-07-31 16:57:57,2,2679.6
Frank,Rex,frankrex@yahoo.com,YYXb0eZXfo8a5VvI,9000550860,03/16/1992,59 hours 57 minutes 51 seconds,regular,true,paypal,"[""I am very frustrated with the Customer Service, they kept dropping my calls yoga mat."", ""My son bought this cookbook and he has been telling me how happy he is with this cookbook!""]",4.167.73.41,"LAT: -76, LONG: 161",android,chrome,android,12/15/2023 07:51:12,08/31/2022 19:37:15,"[""underwear"", ""dress shirt"", ""loungewear"", ""dress""]","[""jeans""]",dress shirt,06/01/2024,2025-07-31 16:57:57,2,1136.0
Eli,Macdavid,elimacdavid@yahoo.com,Gy4ATDjBqP2XYUjA,2895109550,12/25/1985,43 hours 36 minutes 17 seconds,free-trial,false,paypal,"[""I love this pet grooming gloves."", ""I am very happy with tablet case"", ""Well worth the money on this sneaker cleaner""]",140.205.83.68,"LAT: -7, LONG: 49",android,firefox,android,12/20/2022 22:53:57,01/09/2023 05:47:06,"[""boots""]","[""arch support"", ""slippers"", ""shoe polish""]",shoehorn,06/01/2024,2025-07-31 16:57:57,0,0
Ben,Dylan,bendylan@gmail.com,0wVTzoUKx4d8FZSD,0229163025,06/30/1952,21 hours 29 minutes 50 seconds,free-trial,true,credit_card,"[""I am very frustrated with the Customer Service, they kept dropping my calls pet shampoo."", ""I am very frustrated with the Customer Service, they kept dropping my calls action camera."", ""The amount of time I have save using this boxing gloves is amazing! I am very happy with this boxing gloves"", ""I am very happy with travel toiletry bag""]",32.124.143.20,"LAT: 20, LONG: -135",unknown,chrome,unknown,05/10/2024 22:26:46,02/04/2024 02:45:53,"[""dress shoes"", ""shoe polish""]","[""boot shaper"", ""dress shoes"", ""shoe care kit"", ""sneakers""]",heel grips,06/01/2024,2025-07-31 16:57:57,0,0
Ola,Oquosen,olaoquosen@protonmail.com,yBmGEpGJkaJIf1LY,3606153666,08/14/2004,62 hours 50 minutes 24 seconds,free-trial,true,credit_card,"[""My son bought this and he is very happy with this air fryer""]",68.76.213.88,"LAT: -86, LONG: -149",windows,firefox,windows,02/14/2023 18:12:12,12/04/2023 12:12:28,"[""elliptical machine"", ""hockey stick"", ""sports towel"", ""sports gloves"", ""ankle weights""]","[""gym bag"", ""ankle weights"", ""kettlebell set"", ""bicycle"", ""barbell set""]",bicycle,06/01/2024,2025-07-31 16:57:57,1,4516.22
Luna,Ria,lunaria@icloud.com,wA9NO4dhNtQA1PGV,5207910656,04/12/1995,52 hours 51 minutes 32 seconds,regular,true,credit_card,"[""I want to thank you for this dress shirt, it has changed my life. I am very happy with this dress shirt!""]",127.252.208.232,"LAT: -24, LONG: -43",ios,chrome,ios,05/07/2023 10:03:32,11/11/2023 04:32:22,"[""measuring cups"", ""kitchen knife set"", ""air fryer""]","[""ladle"", ""oven mitts"", ""can opener"", ""rice cooker"", ""food processor""]",mixing bowls,06/01/2024,2025-07-31 16:57:57,0,0
Dora,Vantim,doravantim@yahoo.com,oF5eusocBSrIsF7P,7312958293,12/27/1991,18 hours 2 minutes 43 seconds,premium,true,paypal,"[""The way the makeup brushes has changed my life, I could not believe my eyes when I saw this makeup brushes!"", ""I want to thank you for this stuffed animals, it has changed my life. I am very happy with this stuffed animals!"", ""I am very happy the way that this book covers"", ""The amount of time I have save using this boxing gloves is amazing! I am very happy with this boxing gloves""]",62.11.55.61,"LAT: -68, LONG: 172",windows,safari,windows,02/13/2024 14:52:21,10/12/2022 12:32:35,"[""air purifier"", ""electric kettle"", ""humidifier"", ""oven"", ""electric kettle parts""]","[""dehumidifier filters"", ""microwave oven accessories"", ""water heater""]",toaster accessories,06/01/2024,2025-07-31 16:57:57,0,0
Gus,Jackton,gusjackton@hotmail.com,OBng68EH9LZHvLDq,7934769671,02/11/1986,79 hours 8 minutes 9 seconds,regular,true,paypal,"[""I am very dissatisfied with the way that this coffee table books."", ""Wow I cannot believe this tablet case"", ""The way this beauty blender has changed my life, I could not believe my eyes when I saw this beauty blender!"", ""The way I was treated, I could not believe my ears. Hope you don't have to go through this remote control toy storage."", ""I love this hair clips.""]",87.193.233.227,"LAT: 12, LONG: 59",android,firefox,android,05/09/2022 14:29:05,10/03/2024 05:11:36,"[""waterproof spray"", ""shoe care kit"", ""slippers"", ""boot shaper""]","[""heels"", ""shoe care kit""]",casual shoes,06/01/2024,2025-07-31 16:57:57,1,235.91
Emma,Macjaneson,emmamacjaneson@gmail.com,xnpHFSheDPNC6qqU,9338575437,01/21/1951,97 hours 8 minutes 42 seconds,regular,true,stripe,"[""I am very dissatisfied with the way that this blender.""]",195.35.59.7,"LAT: 13, LONG: 170",ios,firefox,ios,01/22/2022 03:52:05,09/07/2023 21:05:54,"[""hockey stick""]","[""exercise bike"", ""baseball bat""]",tennis racket,06/01/2024,2025-07-31 16:57:57,0,0
Wendy,Xia,wendyxia@hotmail.com,4XaCqqs0VCUXFIiT,8121807349,04/26/2003,88 hours 7 minutes 22 seconds,free-trial,true,paypal,"[""The way I was treated, I could not believe my ears. Hope you don't have to go through this parka."", ""The way I was treated, I could not believe my ears. Hope you don't have to go through this hair care set."", ""I am very happy with skirt""]",235.1.217.145,"LAT: 67, LONG: 109",ios,chrome,ios,04/16/2023 20:15:19,09/06/2024 21:55:50,"[""tweezers"", ""face mask"", ""eyelash curler"", ""beard grooming kit""]","[""hair ties"", ""travel toiletry bag"", ""eyebrow pencil""]",body lotion,06/01/2024,2025-07-31 16:57:57,3,748.82
Wan,Uma,wanuma@gmail.com,uJHPkHeIoPlMBqld,7451564179,01/01/1955,19 hours 8 minutes 49 seconds,regular,true,credit_card,"[""I want to thank you for this rice cooker, it has changed my life. I am very happy with this rice cooker!"", ""I am very happy with ballet flats, it has changed my life."", ""The way I was treated, I could not believe my ears. Hope you don't have to go through this shoe bags.""]",54.96.244.198,"LAT: 14, LONG: -55",windows,safari,windows,10/22/2022 21:24:22,04/15/2023 21:53:20,"[""bathrobe"", ""hand cream"", ""makeup sponge"", ""face mask""]","[""makeup set"", ""shaving kit""]",shaving kit,06/01/2024,2025-07-31 16:57:57,3,5249.34
Pia,Alisla,piaalisla@gmail.com,oen48Z3rpJhgEYZX,0794703450,01/17/1967,51 hours 55 minutes 3 seconds,regular,true,stripe,"[""My son bought this lego storage and he has been telling me how happy he is with this lego storage!"", ""Well worth the money on this toaster oven""]",190.176.253.77,"LAT: 18, LONG: 138",unknown,firefox,MacOS,09/15/2024 04:01:11,09/11/2022 20:58:03,"[""drone accessories"", ""webcam"", ""gaming mouse"", ""VR headset accessories""]","[""gaming keyboard"", ""camera"", ""smart home hub""]",4K TV,06/01/2024,2025-07-31 16:57:57,1,571.83
Liam,Macgusley,liammacgusley@gmail.com,9hKzMAlJbYHa5wQS,9732756876,07/29/1977,39 hours 24 minutes 27 seconds,regular,true,paypal,"[""I love this pet waste bags."", ""Well worth the money on this pet brush"", ""I am very happy with book display stand"", ""The way the remote control car has changed my life, I could not believe my eyes when I saw this remote control car!"", ""I hate this lego set.""]",14.117.7.252,"LAT: 24, LONG: -168",android,chrome,android,08/16/2022 09:25:59,05/21/2022 07:13:16,"[""armchair"", ""sectional sofa"", ""gaming chair cushions""]","[""sofa covers"", ""office chair"", ""patio umbrella""]",dining table,06/01/2024,2025-07-31 16:57:57,4,2940.7599999999998
Gina,Layan,ginalayan@gmail.com,HYzHOuAeHO3VVL3M,9982791275,04/13/1989,111 hours 35 minutes 24 seconds,regular,true,paypal,"[""Wow I cannot believe this dehumidifier filters"", ""I am very happy with this remote control boat""]",110.138.159.181,"LAT: 73, LONG: -95",ios,safari,ios,06/11/2023 11:36:58,02/26/2024 09:40:55,"[""hair accessories set"", ""travel toiletry bag"", ""curling iron""]","[""hair dryer"", ""skincare set"", ""lip balm"", ""hand cream"", ""perfume""]",makeup set,06/01/2024,2025-07-31 16:57:57,1,228.19
Hank,Mchugo,hankmchugo@hotmail.com,kvkkjQL1TlK9cGcR,7293282282,10/07/1963,99 hours 5 minutes 30 seconds,regular,true,credit_card,"[""I am very happy with the way that this garden bench has changed the very way that I live."", ""The way I was treated, I could not believe my ears. Hope you don't have to go through this sweatshirt."", ""I am not satisfied with this humidifier."", ""Wow this is an amazing sneaker cleaner.""]",154.214.172.117,"LAT: 77, LONG: 24",ios,firefox,ios,07/07/2022 00:18:29,11/29/2022 02:07:17,"[""pet training treats"", ""pet odor eliminator"", ""pet grooming wipes"", ""pet water bowl""]","[""pet feeding mat"", ""pet carrier accessories"", ""pet toothbrush""]",pet crate,06/01/2024,2025-07-31 16:57:57,2,821.5799999999999
Max,Vonpeter,maxvonpeter@outlook.com,8QHvPmAVmbPzodSA,3370770490,07/18/1991,33 hours 22 minutes 36 seconds,regular,false,stripe,"[""I am very frustrated with the Customer Service, they kept dropping my calls grater.""]",187.111.16.134,"LAT: 65, LONG: -93",windows,chrome,windows,03/04/2024 07:54:28,04/24/2024 19:52:50,"[""musical instruments for kids"", ""video game console accessories""]","[""lego set""]",stuffed animals,06/01/2024,2025-07-31 16:57:57,1,439.21
Holly,Vanivy,hollyvanivy@icloud.com,61H3mGO19Hsbuscx,1481036593,04/22/1950,24 hours 56 minutes 17 seconds,regular,true,paypal,"[""I am very happy with the way that this casual shoes has changed the very way that I live.""]",168.231.11.133,"LAT: -59, LONG: 76",windows,safari,windows,04/04/2024 06:33:20,11/21/2022 17:24:01,"[""desk"", ""outdoor furniture set"", ""dining chairs"", ""storage ottoman""]","[""storage ottoman""]",bed frame accessories,06/01/2024,2025-07-31 16:57:57,0,0
Sara,Vonamber,saravonamber@hotmail.com,ogsYj1noZKYgxfgU,6409208697,01/07/1987,55 hours 41 minutes 22 seconds,regular,true,stripe,"[""I am very happy with the way that this pet odor eliminator has changed the very way that I live.""]",172.255.118.11,"LAT: -20, LONG: -179",android,firefox,android,02/06/2024 16:31:40,06/22/2024 00:56:18,"[""bookends"", ""comic book"", ""fantasy novel""]","[""comic book"", ""cookbook""]",history book,06/01/2024,2025-07-31 16:57:57,0,0
Liam,Vanliam,liamvanliam@gmail.com,eLcHJrWx7iDSiFn7,7370608936,12/04/1972,94 hours 38 minutes 53 seconds,regular,true,paypal,"[""Wow I cannot believe this food processor""]",243.169.187.117,"LAT: 20, LONG: -124",unknown,chrome,linux,09/13/2022 02:22:39,11/15/2024 13:51:43,"[""remote control boat"", ""toy boxes"", ""remote control car"", ""robot building kit""]","[""remote control boat"", ""musical instrument storage"", ""toy boxes""]",educational toy storage,06/01/2024,2025-07-31 16:57:57,2,761.25
Sly,Ofaye,slyofaye@hotmail.com,qEUKDfH4jDoOpAfK,8508923405,11/23/1963,97 hours 49 minutes 28 seconds,premium,false,stripe,"[""I am very happy with the way that this ballet flats has changed the very way that I live.""]",205.29.197.183,"LAT: -5, LONG: -127",android,safari,android,05/12/2022 16:01:09,05/19/2023 19:24:46,"[""pet food storage container""]","[""pet water fountain"", ""pet grooming wipes""]",pet scratching post,06/01/2024,2025-07-31 16:57:57,2,4860.13
Pia,Oula,piaoula@gmail.com,kw92cyUPuKwEplQ0,7740395599,04/06/1954,61 hours 53 minutes 53 seconds,premium,false,stripe,"[""I am very happy with heel grips, it has changed my life.""]",9.12.109.82,"LAT: -1, LONG: 146",unknown,safari,linux,05/31/2024 03:52:47,11/23/2022 23:22:27,"[""art book"", ""romance novel""]","[""book storage box"", ""science fiction novel"", ""young adult novel"", ""comic book"", ""book display stand""]",photography book,06/01/2024,2025-07-31 16:57:57,2,1318.82
Dora,Alhalton,doraalhalton@yahoo.com,ZM9Nfw1wRrPvJhjC,3040064498,09/13/1962,114 hours 26 minutes 0 seconds,regular,true,paypal,"[""I love this desk organizers."", ""My son bought this sneaker cleaner and he has been telling me how happy he is with this sneaker cleaner!"", ""The amount of time I have save using this sweater is amazing! I am very happy with this sweater"", ""The amount of time I have save using this loungewear is amazing! I am very happy with this loungewear""]",105.111.78.109,"LAT: 48, LONG: -139",ios,safari,ios,01/29/2024 22:20:27,08/30/2023 22:49:55,"[""keyboard"", ""gaming mouse"", ""action camera"", ""smart thermostat"", ""phone case""]","[""smartphone"", ""robot vacuum cleaner"", ""drone accessories""]",home security camera,06/01/2024,2025-07-31 16:57:57,0,0
Jane,Vanxan,janevanxan@outlook.com,AilVXhyht6ITO6IF,2450256674,08/05/2001,88 hours 32 minutes 35 seconds,premium,true,stripe,"[""I am very frustrated with the Customer Service, they kept dropping my calls 4K TV."", ""I am very happy with gaming chair cushions"", ""The way I was treated, I could not believe my ears. Hope you don't have to go through this laptop stand."", ""I am very happy with the way that this reading light has changed my life."", ""Wow I cannot believe this measuring spoons""]",155.156.166.36,"LAT: -8, LONG: 118",android,firefox,android,01/11/2022 16:11:08,06/27/2023 09:12:43,"[""garden bench"", ""bed"", ""wardrobe organizers"", ""coffee table""]","[""bed frame accessories"", ""bar stools"", ""recliner"", ""office chair cushions"", ""desk organizers""]",sofa,06/01/2024,2025-07-31 16:57:57,2,207.01
Sam,Dejane,samdejane@protonmail.com,UNJrpIFYKajyMQAX,4845877227,09/11/1982,107 hours 41 minutes 0 seconds,regular,true,paypal,"[""I am very satisfied with this 4K TV"", ""I am very dissatisfied with the way that this patio umbrella."", ""I am very happy with pilates reformer, it has changed my life."", ""The way I was treated, I could not believe my ears. Hope you don't have to go through this phone case.""]",39.175.143.104,"LAT: 47, LONG: -47",windows,chrome,windows,04/03/2024 19:24:53,07/28/2022 09:37:07,"[""bookshelf organizers"", ""bookmarks""]","[""book covers"", ""bookmarks"", ""photography book"", ""book display stand""]",biography,06/01/2024,2025-07-31 16:57:57,4,3788.24
Fay,Dimila,faydimila@hotmail.com,l5aFG4y5qkebyBcU,8683348269,08/12/1970,26 hours 52 minutes 42 seconds,regular,true,stripe,"[""The way the toaster has changed my life, I could not believe my eyes when I saw this toaster!"", ""I am very happy with jumpsuit, it has changed my life.""]",201.151.251.129,"LAT: 85, LONG: -45",android,firefox,android,12/09/2024 16:15:34,04/24/2024 12:11:21,"[""cast iron skillet"", ""cookware set"", ""spatula"", ""espresso machine""]","[""colander"", ""spatula"", ""kitchen utensils set"", ""rice cooker""]",ladle,06/01/2024,2025-07-31 16:57:57,4,2162.55
Bob,Saintola,bobsaintola@gmail.com,6IYRlb7gkRd9IzZU,7697632556,08/26/1969,63 hours 50 minutes 9 seconds,regular,true,credit_card,"[""I am very happy the way that this wedge sandals"", ""The way I was treated, I could not believe my ears. Hope you don't have to go through this fantasy novel.""]",207.73.246.134,"LAT: 78, LONG: 136",windows,chrome,windows,03/31/2022 19:55:08,06/20/2024 16:10:16,"[""coat"", ""socks"", ""dress shirt"", ""blazer""]","[""jumpsuit"", ""swimwear""]",trench coat,06/01/2024,2025-07-31 16:57:57,1,97.74
Ian,Xan,ianxan@yahoo.com,GYdxRr5ktDV28USu,6431044009,08/25/1961,79 hours 22 minutes 53 seconds,free-trial,true,stripe,"[""The way the garden bench has changed my life, I could not believe my eyes when I saw this garden bench!"", ""I am very happy with vacuum cleaner, it has changed my life."", ""I am very happy with blender accessories""]",250.222.246.42,"LAT: -60, LONG: -63",windows,firefox,windows,02/12/2022 21:55:08,04/08/2024 07:17:23,"[""sports watch"", ""sports water bottle"", ""exercise mat"", ""elliptical machine"", ""sports sunglasses""]","[""dumbbell set"", ""sports socks"", ""hockey stick"", ""basketball hoop""]",barbell set,06/01/2024,2025-07-31 16:57:57,2,5724.74
Mila,Vonwyn,milavonwyn@outlook.com,G8atnVR1nioWcLaK,5434371491,09/04/1956,122 hours 29 minutes 37 seconds,regular,true,credit_card,"[""I want to thank you for this water heater, it has changed my life. I am very happy with this water heater!"", ""I am very happy the way that this book covers"", ""My son bought this and he is very happy with this grater"", ""I am very happy with pet toothbrush"", ""The way I was treated, I could not believe my ears. Hope you don't have to go through this jumpsuit.""]",188.168.209.182,"LAT: 4, LONG: 152",android,firefox,android,07/31/2024 22:08:24,05/05/2023 04:13:02,"[""pajamas"", ""winter coat"", ""accessories"", ""sweater"", ""hoodie""]","[""blazer"", ""coat"", ""loungewear"", ""skirt""]",trench coat,06/01/2024,2025-07-31 16:57:57,0,0
Rex,Taj,rextaj@yahoo.com,2DIPHf6NUU0U6iDs,7466794982,06/29/1992,36 hours 50 minutes 39 seconds,premium,false,credit_card,"[""I am very happy with arch support"", ""I am very frustrated with the Customer Service, they kept dropping my calls trench coat."", ""I could not believe how rude the Customer service agent was. I am very dissatisfied with this jeans."", ""Wow I cannot believe this headphones"", ""I am very dissatisfied with the way that this blazer.""]",30.156.84.54,"LAT: -81, LONG: 65",windows,safari,windows,10/08/2023 18:06:23,10/05/2024 09:53:56,"[""sports water bottle"", ""gym bag"", ""exercise resistance bands"", ""sports cap""]","[""hockey stick"", ""basketball hoop"", ""treadmill""]",sports towel,06/01/2024,2025-07-31 16:57:57,0,0
Bea,Kara,beakara@yahoo.com,kw6ZLkLSlq2BkrXG,5569385743,05/29/1969,92 hours 59 minutes 26 seconds,premium,false,credit_card,"[""I am very frustrated with the Customer Service, they kept dropping my calls robot building kit."", ""I am very happy with the way that this air fryer has changed the very way that I live.""]",198.91.230.84,"LAT: -15, LONG: 32",ios,safari,ios,05/26/2022 13:56:04,03/14/2022 19:15:25,"[""romance novel"", ""bookends"", ""bookmarks""]","[""fantasy novel"", ""graphic novel"", ""textbook""]",comic book,06/01/2024,2025-07-31 16:57:57,3,15818.73
Sage,Bella,sagebella@hotmail.com,1J04sQK55L8C6fes,8861086357,08/15/1967,104 hours 24 minutes 18 seconds,free-trial,true,stripe,"[""I love this hair straightener."", ""I am very happy with this book storage box""]",126.80.101.115,"LAT: -65, LONG: -117",ios,firefox,ios,07/17/2024 08:56:20,11/19/2022 11:47:31,"[""book display stand""]","[""art book""]",mystery novel,06/01/2024,2025-07-31 16:57:57,0,0
Peter,Lejane,peterlejane@hotmail.com,A0PU11MuxElWnDXd,3614936651,04/01/1992,92 hours 16 minutes 35 seconds,premium,true,paypal,"[""My son bought this and he is very happy with this pet leash""]",151.49.7.37,"LAT: -62, LONG: -33",windows,chrome,windows,07/26/2023 00:48:56,03/15/2022 12:29:36,"[""monitor stand""]","[""wireless mouse""]",robot vacuum accessories,06/01/2024,2025-07-31 16:57:57,1,420.81
Dan,Jack,danjack@gmail.com,48HV66bT3zY5BW49,0916857476,11/29/1980,60 hours 14 minutes 46 seconds,premium,true,stripe,"[""I want to thank you for this boots, it has changed my life. I am very happy with this boots!"", ""I am very happy with jeans"", ""I am cannot believe my eyes when I saw this pet toothbrush. I am very happy with this pet toothbrush"", ""The amount of time I have save using this book display stand is amazing! I am very happy with this book display stand"", ""I want to thank you for this webcam, it has changed my life. I am very happy with this webcam!""]",13.244.186.185,"LAT: 6, LONG: 61",android,firefox,android,11/17/2024 10:28:21,11/05/2023 08:40:18,"[""play kitchen""]","[""musical instruments for kids"", ""video game console accessories"", ""puzzles"", ""remote control car"", ""puzzle storage""]",science kits,06/01/2024,2025-07-31 16:57:57,1,90.74
Yas,Lefaye,yaslefaye@yahoo.com,u0zUvjMERe3rUTTT,8502255060,01/22/1984,74 hours 3 minutes 45 seconds,regular,true,credit_card,"[""My son bought this toy storage bins and he has been telling me how happy he is with this toy storage bins!"", ""Well worth the money on this puzzle storage"", ""Wow I cannot believe this ankle boots"", ""I am very frustrated with the Customer Service, they kept dropping my calls dining chairs.""]",69.64.117.203,"LAT: 61, LONG: 146",unknown,firefox,unknown,04/29/2024 07:16:06,02/14/2023 21:02:46,"[""washing machine"", ""electric kettle parts"", ""oven"", ""air purifier filters"", ""food processor""]","[""microwave oven accessories"", ""food processor"", ""coffee maker"", ""food processor parts""]",water heater parts,06/01/2024,2025-07-31 16:57:57,0,0
Evan,Mcmilason,evanmcmilason@hotmail.com,seD7nKh1FIx9C8tm,3145116433,03/27/1983,43 hours 28 minutes 29 seconds,premium,true,stripe,"[""I love this dress shirt."", ""I want to thank you for this cookbook, it has changed my life. I am very happy with this cookbook!"", ""My son bought this gaming chair cushions and he has been telling me how happy he is with this gaming chair cushions!"", ""The way the cotton pads has changed my life, I could not believe my eyes when I saw this cotton pads!""]",249.232.72.105,"LAT: -80, LONG: 5",unknown,safari,linux,11/16/2022 09:06:05,01/04/2022 14:37:46,"[""baseball bat""]","[""sports headband"", ""elliptical machine"", ""yoga mat"", ""ankle weights"", ""exercise ball""]",foam roller,06/01/2024,2025-07-31 16:57:57,1,49.09
Owen,Lemila,owenlemila@gmail.com,FVqphVxf5tsgBakD,9408508272,05/13/1965,118 hours 32 minutes 56 seconds,regular,true,credit_card,"[""The way I was treated, I could not believe my ears. Hope you don't have to go through this shoe bags."", ""The way I was treated, I could not believe my ears. Hope you don't have to go through this food processor."", ""My son bought this and he is very happy with this pet waste bags"", ""I am very happy with the way that this cutting board has changed the very way that I live.""]",13.230.67.206,"LAT: 46, LONG: 101",ios,firefox,ios,03/05/2023 18:41:34,02/04/2023 16:15:03,"[""home security camera"", ""microphone"", ""printer"", ""gaming keyboard""]","[""tablet stylus"", ""monitor""]",VR headset,06/01/2024,2025-07-31 16:57:57,1,496.77
Wan,Mctia,wanmctia@outlook.com,vthjyK9URSRk1Vq3,0556267218,04/23/1979,55 hours 28 minutes 16 seconds,regular,true,stripe,"[""I am very frustrated with the Customer Service, they kept dropping my calls. I just want to return this curling iron.""]",147.99.30.193,"LAT: -72, LONG: -92",windows,safari,windows,03/05/2022 16:05:15,10/12/2024 07:29:31,"[""textbook"", ""bookshelf organizers"", ""history book"", ""book display stand""]","[""children's book""]",textbook,06/01/2024,2025-07-31 16:57:57,0,0
Ada,Vonria,adavonria@protonmail.com,hMlV6LumahLht8iu,2194621017,03/08/2005,21 hours 23 minutes 0 seconds,free-trial,true,credit_card,"[""I love this ceramic cookware."", ""The way I was treated, I could not believe my ears. Hope you don't have to go through this printer."", ""I am very frustrated with the Customer Service, they kept dropping my calls pet grooming wipes."", ""I am very dissatisfied with the way that this underwear has changed my life."", ""I am very frustrated with the Customer Service, they kept dropping my calls sports water bottle.""]",96.108.18.233,"LAT: -49, LONG: 23",ios,chrome,ios,11/12/2024 17:37:09,02/03/2022 01:59:11,"[""mystery novel""]","[""bookmarks"", ""self-help book"", ""comic book""]",fantasy novel,06/01/2024,2025-07-31 16:57:57,0,0
Dylan,Macabe,dylanmacabe@gmail.com,NjNHqHusWFQK4V0i,4570204839,11/04/1977,86 hours 20 minutes 11 seconds,free-trial,true,credit_card,"[""The amount of time I have save using this cutting board set is amazing! I am very happy with this cutting board set"", ""My son bought this monitor stand and he has been telling me how happy he is with this monitor stand!"", ""I am very happy with slow cooker, it has changed my life."", ""My son bought this hair clips and he has been telling me how happy he is with this hair clips!"", ""I am very happy with the way that this outdoor furniture set has changed my life.""]",220.95.211.189,"LAT: 86, LONG: 30",android,safari,android,01/20/2024 08:29:09,11/29/2022 12:07:03,"[""cutting board"", ""can opener"", ""apron"", ""toaster oven"", ""kitchen knife set""]","[""air fryer"", ""baking sheets"", ""toaster oven"", ""kitchen knife set"", ""grater""]",colander,06/01/2024,2025-07-31 16:57:57,1,27.02
Tom,Alryanley,tomalryanley@gmail.com,gRW6F6Xiet5p6lbp,9710619121,09/05/1985,57 hours 29 minutes 44 seconds,regular,true,credit_card,"[""I am very happy the way that this parka""]",26.14.43.131,"LAT: 58, LONG: -160",windows,chrome,windows,07/08/2022 17:27:04,04/12/2022 21:51:05,"[""trench coat"", ""dress"", ""accessories""]","[""skirt"", ""trench coat"", ""t-shirt"", ""sweatshirt""]",blazer,06/01/2024,2025-07-31 16:57:57,0,0
Lara,Disia,laradisia@yahoo.com,hYOuP0qDxCdM6Pl7,5222234125,10/05/1996,50 hours 41 minutes 44 seconds,free-trial,true,stripe,"[""I am very excited to try out this desk. I have heard some many positive things!"", ""I am very happy the way that this coffee maker"", ""I am very frustrated with the Customer Service, they kept dropping my calls. I just want to return this remote control car."", ""Wow this is an amazing stuffed animals."", ""I am very happy with humidifier""]",38.243.30.157,"LAT: 84, LONG: 173",unknown,chrome,unknown,07/31/2024 15:42:11,01/30/2023 09:50:12,"[""pajamas"", ""jeans"", ""t-shirt"", ""jumpsuit""]","[""socks"", ""dress shirt"", ""jumpsuit""]",hoodie,06/01/2024,2025-07-31 16:57:57,0,0
Abe,Ria,aberia@hotmail.com,jJQHlkMtupLiFrFd,9813750218,08/28/1974,21 hours 32 minutes 25 seconds,regular,true,stripe,"[""My son bought this and he is very happy with this children's book"", ""I am very happy the way that this parka""]",30.42.121.31,"LAT: -35, LONG: -55",ios,firefox,ios,09/08/2024 20:28:13,11/24/2023 17:05:43,"[""facial tissues"", ""makeup remover wipes"", ""facial cleansing brush"", ""eyebrow pencil""]","[""makeup set""]",bathrobe,06/01/2024,2025-07-31 16:57:57,2,721.86
Wes,Lezed,weslezed@yahoo.com,3IwqZg4YVSW4YC0P,5432746761,12/14/1957,14 hours 55 minutes 9 seconds,premium,false,credit_card,"[""Well worth the money on this microwave oven accessories"", ""My son bought this bookends and he has been telling me how happy he is with this bookends!"", ""The way this pet crate has changed my life, I could not believe my eyes when I saw this pet crate!""]",57.80.148.29,"LAT: 2, LONG: -152",ios,safari,ios,06/01/2022 21:59:01,08/28/2022 20:14:20,"[""pet carrier"", ""pet toys"", ""pet travel bag"", ""pet crate accessories""]","[""pet first aid kit"", ""pet scratching post"", ""pet bed"", ""pet carrier accessories""]",pet crate accessories,06/01/2024,2025-07-31 16:57:57,3,6488.549999999999
Faye,Saintdavidton,fayesaintdavidton@gmail.com,rYlkvaJDVSyvHRmd,3010455665,08/10/1973,64 hours 23 minutes 1 seconds,premium,true,paypal,"[""I am very dissatisfied with the way that this sports socks."", ""The way I was treated, I could not believe my ears. Hope you don't have to go through this fantasy novel."", ""The way I was treated, I could not believe my ears. Hope you don't have to go through this pet nail clippers."", ""My son bought this humidifier filters and he has been telling me how happy he is with this humidifier filters!""]",208.3.44.218,"LAT: -7, LONG: 74",ios,chrome,ios,12/16/2024 09:17:08,01/10/2024 22:01:34,"[""musical instruments for kids""]","[""board game storage""]",musical instruments for kids,06/01/2024,2025-07-31 16:57:57,3,3858.48
Pax,Pam,paxpam@outlook.com,ZxPi1Xg4sEBrX40P,4883992570,11/09/2000,53 hours 1 minutes 47 seconds,premium,true,stripe,"[""I am cannot believe my eyes when I saw this pet food dispenser. I am very happy with this pet food dispenser""]",186.73.195.206,"LAT: 20, LONG: 52",android,safari,android,06/24/2023 07:15:32,02/15/2023 18:13:34,"[""blender accessories"", ""slow cooker parts""]","[""air purifier"", ""humidifier"", ""blender accessories"", ""dishwasher""]",slow cooker parts,06/01/2024,2025-07-31 16:57:57,0,0
David,Gus,davidgus@outlook.com,Fc8qyLpr6ws7t17Z,3435551329,09/26/1989,50 hours 21 minutes 32 seconds,premium,false,paypal,"[""I am very happy with loungewear"", ""The way I was treated, I could not believe my ears. Hope you don't have to go through this sports towel.""]",43.136.73.60,"LAT: 13, LONG: 107",unknown,chrome,MacOS,07/24/2022 11:14:36,10/29/2022 16:20:20,"[""microwave oven accessories""]","[""coffee maker"", ""electric kettle parts"", ""water heater parts"", ""toaster accessories"", ""air purifier""]",dishwasher,06/01/2024,2025-07-31 16:57:57,1,9386.8
Ora,Demark,orademark@hotmail.com,c31M4nrPN4zZ2cYY,7534464338,02/11/2001,53 hours 34 minutes 45 seconds,free-trial,true,paypal,"[""I am very frustrated with the Customer Service, they kept dropping my calls hiking boots."", ""I am very happy with this sectional sofa covers"", ""I am very happy with pet training treats"", ""I am very frustrated with the Customer Service, they kept dropping my calls hair ties.""]",68.141.89.60,"LAT: -19, LONG: -55",unknown,safari,MacOS,08/01/2022 18:31:50,06/23/2022 05:18:46,"[""skirt"", ""coat""]","[""t-shirt"", ""dress"", ""suit"", ""sweatshirt"", ""dress shirt""]",sweatshirt,06/01/2024,2025-07-31 16:57:57,1,13069.12
Ola,Lequoley,olalequoley@icloud.com,jWVKQAajoJRy7XJB,2840352518,09/28/1964,122 hours 14 minutes 12 seconds,regular,true,stripe,"[""I am very happy with comb, it has changed my life."", ""The amount of time I have save using this sectional sofa is amazing! I am very happy with this sectional sofa"", ""Wow this is an amazing stuffed animal storage.""]",54.141.254.186,"LAT: 55, LONG: -171",android,safari,android,10/04/2023 01:02:57,04/12/2023 06:47:37,"[""ladle"", ""stand mixer"", ""espresso machine""]","[""food processor"", ""ladle"", ""whisk"", ""cast iron skillet"", ""measuring cups""]",air fryer,06/01/2024,2025-07-31 16:57:57,6,9220.47
Nina,Karaley,ninakaraley@yahoo.com,XLnO3CsBw5wfuCNK,9690491448,08/12/2005,42 hours 44 minutes 38 seconds,premium,true,stripe,"[""I am very happy with this water heater"", ""The way I was treated, I could not believe my ears. Hope you don't have to go through this pet training treats."", ""I am very happy with this book display stand"", ""My son bought this camera bag and he has been telling me how happy he is with this camera bag!"", ""I am very frustrated with the Customer Service, they kept dropping my calls peeler.""]",128.180.151.140,"LAT: -9, LONG: 168",android,chrome,android,09/06/2022 01:42:44,07/18/2022 04:33:41,"[""dehumidifier"", ""electric kettle parts""]","[""food processor"", ""refrigerator"", ""rice cooker"", ""electric kettle parts""]",slow cooker parts,06/01/2024,2025-07-31 16:57:57,0,0
Troy,Kate,troykate@gmail.com,iNkQpdRLVXtQE2nB,9231100817,12/25/1969,113 hours 36 minutes 46 seconds,free-trial,true,stripe,"[""I am very excited to try out this elliptical machine. I have heard some many positive things!"", ""Well worth the money on this shoe laces"", ""I am very frustrated with the Customer Service, they kept dropping my calls shower gel."", ""I am very happy with the way that this accessories has changed my life."", ""My son bought this slow cooker and he has been telling me how happy he is with this slow cooker!""]",159.143.103.244,"LAT: 78, LONG: -68",ios,chrome,ios,02/19/2022 21:20:58,10/03/2024 03:55:02,"[""arch support"", ""loafers"", ""dress shoes"", ""sneakers""]","[""shoe polish"", ""insoles"", ""arch support"", ""waterproof spray""]",dress shoes,06/01/2024,2025-07-31 16:57:57,1,50.86
Ian,Kyle,iankyle@outlook.com,rSbYoKQ9XGuBCYyB,9935104318,01/09/2004,103 hours 27 minutes 2 seconds,regular,true,credit_card,"[""My son bought this and he is very happy with this espresso machine"", ""I am not satisfied with this stuffed animals."", ""I am very happy with desk organizers"", ""I am very frustrated with the Customer Service, they kept dropping my calls sports socks."", ""The amount of time I have save using this pet harness is amazing! I am very happy with this pet harness""]",166.34.127.9,"LAT: 61, LONG: 135",android,safari,android,03/11/2022 00:29:40,07/07/2024 16:02:22,"[""skincare set"", ""cotton pads"", ""nail polish set"", ""face mask""]","[""face mask""]",spa gift set,06/01/2024,2025-07-31 16:57:57,2,8955.02
Eva,Dequinn,evadequinn@hotmail.com,oGmLGKfyAiw9Hz7w,3263649097,08/07/1983,119 hours 20 minutes 15 seconds,premium,true,paypal,"[""The way I was treated, I could not believe my ears. Hope you don't have to go through this book display stand."", ""My son bought this electric kettle parts and he has been telling me how happy he is with this electric kettle parts!"", ""My son bought this and he is very happy with this t-shirt"", ""The way the home security camera has changed my life, I could not believe my eyes when I saw this home security camera!""]",18.213.230.218,"LAT: 16, LONG: 21",android,safari,android,02/27/2023 19:24:39,06/28/2024 17:02:52,"[""puzzles"", ""science kits""]","[""board games"", ""musical instrument storage"", ""robot building kit"", ""video game console"", ""remote control boat""]",puzzle storage,06/01/2024,2025-07-31 16:57:57,0,0
David,Mcbob,davidmcbob@gmail.com,4yxgeKOdAESMvkHJ,7874736462,03/15/1953,29 hours 24 minutes 4 seconds,free-trial,true,credit_card,"[""I am very frustrated with the Customer Service, they kept dropping my calls bookshelf organizers."", ""I am cannot believe my eyes when I saw this pet feeding mat. I am very happy with this pet feeding mat""]",14.55.153.206,"LAT: -82, LONG: 0",ios,chrome,ios,08/22/2024 12:12:38,10/28/2022 01:48:14,"[""vacuum cleaner accessories"", ""microwave oven""]","[""air conditioner""]",electric kettle parts,06/01/2024,2025-07-31 16:57:57,1,1882.86
Ned,Stluke,nedstluke@gmail.com,xHYfLdh2hJTmPUzd,9672110776,11/19/1993,100 hours 12 minutes 42 seconds,regular,true,credit_card,"[""I want to thank you for this yoga mat, it has changed my life. I am very happy with this yoga mat!"", ""I am very happy with the way that this heel grips"", ""I am very dissatisfied with the way that this refrigerator."", ""I am very happy with the way that this winter coat has changed the very way that I live.""]",39.163.247.67,"LAT: -78, LONG: -82",android,safari,android,04/15/2024 03:41:44,07/30/2024 08:33:29,"[""home security system"", ""phone case""]","[""4K TV"", ""smart speaker"", ""gaming laptop"", ""drone"", ""monitor""]",smart lock,06/01/2024,2025-07-31 16:57:57,2,391.62
Sara,Macxanley,saramacxanley@outlook.com,yq2CNjGWHrwAmUSE,2785291529,08/28/2002,100 hours 24 minutes 56 seconds,regular,true,paypal,"[""The way the poetry collection has changed my life, I could not believe my eyes when I saw this poetry collection!"", ""I am not satisfied with this pet shampoo."", ""The way I was treated, I could not believe my ears. Hope you don't have to go through this cutting board.""]",199.38.125.31,"LAT: 8, LONG: 72",android,safari,android,08/03/2024 13:16:44,02/10/2022 13:33:02,"[""recliner""]","[""gaming chair cushions""]",dining table,06/01/2024,2025-07-31 16:57:57,0,0
Frank,Vanyan,frankvanyan@hotmail.com,cl7mkouM5sPat5Gx,9156568680,02/11/1976,123 hours 29 minutes 39 seconds,premium,true,credit_card,"[""The amount of time I have save using this suit is amazing! I am very happy with this suit"", ""The amount of time I have save using this comb is amazing! I am very happy with this comb"", ""I hate this pet food dispenser."", ""I want to thank you for this sectional sofa covers, it has changed my life. I am very happy with this sectional sofa covers!"", ""I am very frustrated with the Customer Service, they kept dropping my calls microwave oven.""]",239.147.198.244,"LAT: 43, LONG: -34",android,safari,android,03/30/2024 04:18:36,09/17/2023 05:48:22,"[""smart speaker"", ""camera"", ""smartphone"", ""monitor stand""]","[""gaming laptop"", ""smart plug""]",smart doorbell,06/01/2024,2025-07-31 16:57:57,1,321.29
Xan,Oluna,xanoluna@hotmail.com,B93mPud5RhnfBder,5443771045,06/24/1962,123 hours 51 minutes 27 seconds,regular,true,paypal,"[""The way I was treated, I could not believe my ears. Hope you don't have to go through this ladle."", ""The way the ladle has changed my life, I could not believe my eyes when I saw this ladle!"", ""I am very happy with balance board""]",206.180.10.46,"LAT: 2, LONG: -154",unknown,safari,unknown,09/23/2023 10:41:01,09/23/2022 01:57:41,"[""pajamas""]","[""dress""]",sweater,06/01/2024,2025-07-31 16:57:57,7,8025.349999999999
Frank,Piason,frankpiason@gmail.com,m7q4DELjuPh4WOeG,0860632156,07/27/1971,110 hours 29 minutes 29 seconds,premium,true,paypal,"[""I am not satisfied with this bookshelf organizers."", ""I am very dissatisfied with this pet flea and tick treatment.""]",142.68.79.0,"LAT: 36, LONG: -153",android,safari,android,12/13/2024 04:51:05,10/12/2022 11:38:26,"[""home security camera""]","[""gaming laptop"", ""smart light bulb""]",home security system,06/01/2024,2025-07-31 16:57:57,6,18250.46
John,Albob,johnalbob@hotmail.com,5S1Pj7vVpTpX7zyE,5062606705,04/14/1993,32 hours 55 minutes 25 seconds,premium,false,credit_card,"[""I am very happy with science kits""]",164.148.209.31,"LAT: 37, LONG: -94",android,firefox,android,05/03/2023 14:26:52,02/14/2022 00:51:45,"[""pet training clicker""]","[""pet nail clippers"", ""pet comb"", ""pet training clicker""]",pet toothpaste,06/01/2024,2025-07-31 16:57:57,3,508.38
Mia,Macnateson,miamacnateson@icloud.com,xqcPXgNPQwG0raNz,0186174212,05/29/1965,80 hours 17 minutes 0 seconds,regular,true,credit_card,"[""My son bought this shoe polish and he has been telling me how happy he is with this shoe polish!"", ""Wow this is an amazing monitor."", ""I am very happy with gaming console, it has changed my life."", ""I want to thank you for this lego storage, it has changed my life. I am very happy with this lego storage!""]",116.83.114.187,"LAT: -85, LONG: 6",ios,safari,ios,05/21/2024 03:08:10,06/25/2022 08:33:19,"[""blazer"", ""pajamas"", ""jeans"", ""accessories""]","[""underwear"", ""leather jacket""]",leather jacket,06/01/2024,2025-07-31 16:57:57,1,63.85
Yara,Xia,yaraxia@icloud.com,e1sWgtaFcKgeElAQ,6650395596,07/16/2001,109 hours 1 minutes 9 seconds,premium,true,credit_card,"[""I am very frustrated with the Customer Service, they kept dropping my calls nail file."", ""The way I was treated, I could not believe my ears. Hope you don't have to go through this lip gloss."", ""I want to thank you for this ankle weights, it has changed my life. I am very happy with this ankle weights!"", ""I am not satisfied with this colander."", ""My son bought this biography and he has been telling me how happy he is with this biography!""]",231.81.244.9,"LAT: 29, LONG: 62",unknown,chrome,linux,04/06/2022 22:46:54,03/02/2023 17:13:59,"[""vacuum cleaner accessories""]","[""vacuum cleaner"", ""microwave oven"", ""air purifier"", ""dehumidifier""]",blender accessories,06/01/2024,2025-07-31 16:57:57,0,0
Qua,Vanada,quavanada@outlook.com,RobXXRxlMn0vmcEF,8601434084,09/06/1956,38 hours 0 minutes 49 seconds,regular,true,paypal,"[""The amount of time I have save using this spatula is amazing! I am very happy with this spatula""]",190.15.45.109,"LAT: 8, LONG: -163",unknown,firefox,unknown,07/23/2024 16:57:10,10/22/2022 19:27:49,"[""video game console accessories"", ""remote control drone"", ""board game storage""]","[""educational toy storage"", ""board game storage""]",toy organizers,06/01/2024,2025-07-31 16:57:57,0,0
Fay,Deula,faydeula@protonmail.com,RmT3KhtsESatTMfv,5143021283,09/02/1968,85 hours 31 minutes 56 seconds,free-trial,true,paypal,"[""My son bought this trench coat and he has been telling me how happy he is with this trench coat!"", ""The way this pressure cooker has changed my life, I could not believe my eyes when I saw this pressure cooker!"", ""The way I was treated, I could not believe my ears. Hope you don't have to go through this slow cooker parts."", ""I am very frustrated with the Customer Service, they kept dropping my calls kitchen scale."", ""Well worth the money on this stove""]",102.251.122.76,"LAT: -73, LONG: 73",unknown,safari,unknown,09/21/2022 13:08:22,08/03/2023 16:19:09,"[""electric kettle parts"", ""food processor"", ""humidifier filters"", ""air conditioner""]","[""humidifier"", ""toaster accessories""]",toaster accessories,06/01/2024,2025-07-31 16:57:57,1,5989.55
Emma,Xia,emmaxia@aol.com,rRiDAtM7f18cQ2qH,9389468859,12/27/1951,110 hours 43 minutes 55 seconds,regular,true,paypal,"[""My son bought this and he is very happy with this dress"", ""The way this lego set has changed my life, I could not believe my eyes when I saw this lego set!""]",2.21.27.227,"LAT: 53, LONG: -60",windows,firefox,windows,04/15/2022 11:11:47,10/24/2024 02:24:52,"[""air conditioner"", ""air purifier"", ""vacuum cleaner"", ""water heater""]","[""dehumidifier filters""]",microwave oven accessories,06/01/2024,2025-07-31 16:57:57,1,854.84
Yas,Lapamton,yaslapamton@gmail.com,10VvqFVjAYBibsLv,0556301146,12/21/1998,15 hours 6 minutes 11 seconds,premium,false,credit_card,"[""I want to thank you for this baking sheets, it has changed my life. I am very happy with this baking sheets!"", ""I hate this home security system."", ""I am very happy with trampoline accessories, it has changed my life."", ""I am very happy with the way that this thriller novel has changed my life."", ""The way this air conditioner has changed my life, I could not believe my eyes when I saw this air conditioner!""]",30.239.71.130,"LAT: -21, LONG: 7",unknown,safari,MacOS,03/17/2023 04:23:44,10/06/2024 09:52:17,"[""book storage box"", ""reading light"", ""book display stand"", ""self-help book""]","[""book storage box"", ""science fiction novel"", ""poetry collection"", ""thriller novel""]",young adult novel,06/01/2024,2025-07-31 16:57:57,4,55745.1
Jade,Vanpia,jadevanpia@hotmail.com,8g9lePVH21wT87NK,9711468305,02/10/1987,96 hours 29 minutes 53 seconds,free-trial,true,credit_card,"[""My son bought this and he is very happy with this nail file"", ""I am very happy with the way that this gaming keyboard has changed the very way that I live."", ""The way I was treated, I could not believe my ears. Hope you don't have to go through this pet brush."", ""The amount of time I have save using this pet scratching post is amazing! I am very happy with this pet scratching post""]",103.147.240.89,"LAT: 75, LONG: -97",windows,firefox,windows,03/25/2022 06:33:17,05/13/2024 03:54:28,"[""shoe storage""]","[""slipper socks"", ""shoe polish"", ""heels"", ""dress shoes"", ""loafers""]",shoehorn,06/01/2024,2025-07-31 16:57:57,1,3221.47
Uma,Vonvince,umavonvince@outlook.com,oCsrDmK15yyWzoMn,6514732236,09/13/1992,35 hours 51 minutes 47 seconds,free-trial,false,credit_card,"[""I am very frustrated with the Customer Service, they kept dropping my calls t-shirt."", ""I want to thank you for this board game storage, it has changed my life. I am very happy with this board game storage!"", ""I am very frustrated with the Customer Service, they kept dropping my calls dress shirt.""]",69.192.148.119,"LAT: 76, LONG: 57",unknown,chrome,unknown,08/29/2023 20:29:30,02/27/2024 18:28:12,"[""shoe storage"", ""shoe bags""]","[""slipper socks"", ""sneakers""]",sneaker cleaner,06/01/2024,2025-07-31 16:57:57,0,0
Bud,Lesamley,budlesamley@icloud.com,puhEdFFq4ueXVzUP,6854940217,02/08/1967,44 hours 50 minutes 57 seconds,regular,true,stripe,"[""The way I was treated, I could not believe my ears. Hope you don't have to go through this slow cooker."", ""Wow this is an amazing gaming laptop.""]",233.117.221.221,"LAT: 80, LONG: -72",android,firefox,android,04/12/2024 10:37:19,01/26/2023 08:10:48,"[""gym bag"", ""skateboard"", ""sports watch"", ""exercise mat"", ""wrist wraps""]","[""kettlebell set"", ""barbell set"", ""rowing machine"", ""sports socks"", ""sports sunglasses""]",sports socks,06/01/2024,2025-07-31 16:57:57,4,5850.12
Jane,Alian,janealian@outlook.com,n5kmLAze9bbx6l0t,1151521776,02/03/1976,80 hours 35 minutes 9 seconds,regular,true,stripe,"[""My son bought this and he is very happy with this history book"", ""The way I was treated, I could not believe my ears. Hope you don't have to go through this pet toys."", ""I love this toaster accessories."", ""I am very happy with this patio umbrella"", ""The amount of time I have save using this humidifier filters is amazing! I am very happy with this humidifier filters""]",211.25.183.109,"LAT: 52, LONG: 164",ios,safari,ios,08/28/2023 11:39:04,11/01/2024 12:03:37,"[""hair ties"", ""beard grooming kit""]","[""shaving kit"", ""bobby pins"", ""facial tissues"", ""hair clips""]",curling iron,06/01/2024,2025-07-31 16:57:57,1,96.32
Leo,Mczed,leomczed@protonmail.com,ZqkvzGR49TVkdHXb,7431598710,07/03/1969,104 hours 29 minutes 31 seconds,regular,true,stripe,"[""I am very happy with puzzle storage"", ""Well worth the money on this skirt""]",6.177.124.59,"LAT: -26, LONG: -87",android,safari,android,04/03/2022 09:51:27,05/14/2023 12:58:24,"[""comb""]","[""eyebrow pencil"", ""nail clippers"", ""bobby pins"", ""makeup sponge"", ""eyelash curler""]",eyelash curler,06/01/2024,2025-07-31 16:57:57,6,11334.330000000002
Hugo,Leula,hugoleula@gmail.com,Nbnn67QPoipBMTu3,8768807202,09/28/1987,109 hours 19 minutes 46 seconds,premium,true,paypal,"[""My son bought this skirt and he has been telling me how happy he is with this skirt!""]",115.77.228.12,"LAT: -61, LONG: 48",android,firefox,android,12/27/2023 06:38:58,08/12/2024 01:10:59,"[""espresso machine"", ""kitchen knife set""]","[""cast iron skillet"", ""measuring spoons"", ""kitchen towels"", ""whisk"", ""apron""]",kitchen gadgets set,06/01/2024,2025-07-31 16:57:57,2,1446.0600000000002
Cal,Finn,calfinn@hotmail.com,SB1FLrpnUwY0zlHm,5323619209,10/25/1963,86 hours 20 minutes 38 seconds,premium,true,stripe,"[""My son bought this and he is very happy with this smartwatch"", ""My son bought this and he is very happy with this apron"", ""The way I was treated, I could not believe my ears. Hope you don't have to go through this bed."", ""The amount of time I have save using this hair straightener is amazing! I am very happy with this hair straightener""]",56.236.188.245,"LAT: 85, LONG: -50",ios,chrome,ios,01/22/2022 21:04:00,12/30/2024 02:27:33,"[""pet water bowl"", ""pet grooming gloves""]","[""pet carrier accessories""]",pet crate,06/01/2024,2025-07-31 16:57:57,1,330.53
Rex,Depia,rexdepia@gmail.com,hDEMtb8IZJSgTVdZ,8141046141,02/05/1951,62 hours 28 minutes 21 seconds,regular,true,credit_card,"[""I hate this comb."", ""I am very frustrated with the Customer Service, they kept dropping my calls t-shirt."", ""The amount of time I have save using this electric kettle is amazing! I am very happy with this electric kettle"", ""I am very happy the way that this blender"", ""The way the sofa has changed my life, I could not believe my eyes when I saw this sofa!""]",86.69.170.119,"LAT: 36, LONG: 80",windows,firefox,windows,11/01/2024 05:29:51,07/29/2024 17:41:04,"[""hiking boots"", ""sneaker cleaner"", ""loafers"", ""ballet flats""]","[""slipper socks"", ""heel grips"", ""flip flops"", ""slippers"", ""shoehorn""]",work boots,06/01/2024,2025-07-31 16:57:57,3,4018.3599999999997
Ula,Lia,ulalia@yahoo.com,cxKsHhBUEZRFeBfE,1015594403,10/14/2005,72 hours 49 minutes 35 seconds,free-trial,false,paypal,"[""I am not satisfied with this toy boxes."", ""I am very happy with gaming console, it has changed my life."", ""My son bought this armchair and he has been telling me how happy he is with this armchair!""]",124.128.102.42,"LAT: -37, LONG: -13",unknown,firefox,MacOS,03/23/2023 17:29:00,07/03/2023 16:01:57,"[""cast iron skillet"", ""slow cooker"", ""cutting board""]","[""kitchen utensils set"", ""ceramic cookware"", ""baking sheets""]",baking sheets,06/01/2024,2025-07-31 16:57:57,1,648.82
Jack,Dealex,jackdealex@yahoo.com,PdbhJeA1T5dTfwmd,3679107973,09/26/1990,115 hours 50 minutes 35 seconds,premium,true,credit_card,"[""I am cannot believe my eyes when I saw this dehumidifier filters. I am very happy with this dehumidifier filters""]",185.177.37.230,"LAT: -39, LONG: 64",unknown,safari,unknown,03/21/2022 00:10:43,09/27/2024 03:35:46,"[""spa gift set"", ""bath bombs"", ""facial cleansing brush"", ""beard grooming kit"", ""body lotion""]","[""bath bombs"", ""makeup set"", ""beard grooming kit"", ""makeup brushes""]",hair clips,06/01/2024,2025-07-31 16:57:57,1,320.45
Abe,Grace,abegrace@hotmail.com,exoiqbhtJgw3BDmM,7599455244,11/10/1979,97 hours 50 minutes 50 seconds,premium,true,paypal,"[""I am very dissatisfied with this baseball bat."", ""The way this sectional sofa covers has changed my life, I could not believe my eyes when I saw this sectional sofa covers!"", ""I am very happy with this coffee table books"", ""The way I was treated, I could not believe my ears. Hope you don't have to go through this musical instrument storage.""]",160.86.223.4,"LAT: 36, LONG: 63",ios,safari,ios,11/11/2024 23:45:51,05/08/2023 07:05:13,"[""sports watch""]","[""wrist wraps"", ""tennis racket"", ""fitness tracker accessories"", ""skateboard"", ""yoga blocks""]",exercise ball,06/01/2024,2025-07-31 16:57:57,1,1041.13
Xia,Deninasen,xiadeninasen@outlook.com,JlajiBz8BwEvYVAJ,0843999564,01/10/1975,122 hours 41 minutes 27 seconds,free-trial,true,paypal,"[""I am very happy with casual shoes"", ""I am very frustrated with the Customer Service, they kept dropping my calls electric kettle parts."", ""I am very frustrated with the Customer Service, they kept dropping my calls. I just want to return this coffee table books."", ""Wow I cannot believe this book storage box"", ""I am cannot believe my eyes when I saw this arch support. I am very happy with this arch support""]",230.181.12.139,"LAT: -41, LONG: 80",android,chrome,android,07/13/2023 03:28:15,02/10/2024 19:06:24,"[""jumpsuit"", ""leather jacket"", ""blazer""]","[""hoodie"", ""dress shirt""]",skirt,06/01/2024,2025-07-31 16:57:57,3,7745.3099999999995
Holly,Didee,hollydidee@yahoo.com,r8PVISwQFvfBfO6u,9996331118,11/25/1991,22 hours 46 minutes 53 seconds,regular,true,stripe,"[""I am very happy with the way that this armchair has changed the very way that I live.""]",194.19.22.251,"LAT: 86, LONG: 60",windows,firefox,windows,11/08/2023 18:52:04,04/24/2023 15:55:20,"[""patio umbrella"", ""wardrobe organizers"", ""sofa covers""]","[""outdoor furniture set"", ""wardrobe organizers""]",wardrobe,06/01/2024,2025-07-31 16:57:57,0,0
Eve,Vonhank,evevonhank@protonmail.com,nI75ZhatqYR4UeRO,5771808712,06/06/1960,15 hours 20 minutes 14 seconds,premium,true,stripe,"[""Wow I cannot believe this bed"", ""The way I was treated, I could not believe my ears. Hope you don't have to go through this trench coat."", ""The way I was treated, I could not believe my ears. Hope you don't have to go through this refrigerator."", ""I am very dissatisfied with the way that this pet toys.""]",97.207.251.79,"LAT: -69, LONG: 134",ios,firefox,ios,05/26/2022 09:16:50,12/14/2023 14:52:13,"[""dishwasher"", ""microwave oven"", ""rice cooker parts"", ""air conditioner"", ""blender accessories""]","[""air purifier"", ""water heater parts"", ""food processor""]",blender accessories,06/01/2024,2025-07-31 16:57:57,1,622.21
Kai,Xansen,kaixansen@icloud.com,tZ0XptbZcanmuGjp,5118311341,02/01/1994,26 hours 32 minutes 18 seconds,regular,false,credit_card,"[""My son bought this slippers and he has been telling me how happy he is with this slippers!"", ""Wow I cannot believe this dress shirt"", ""I am very frustrated with the Customer Service, they kept dropping my calls pet bed."", ""The way I was treated, I could not believe my ears. Hope you don't have to go through this blazer."", ""I am very happy with book covers, it has changed my life.""]",20.190.1.100,"LAT: 67, LONG: -152",windows,firefox,windows,08/26/2022 00:24:01,03/30/2023 22:37:41,"[""camera"", ""home security camera""]","[""smart plug"", ""home security system"", ""desktop computer"", ""smart doorbell""]",smart thermostat,06/01/2024,2025-07-31 16:57:57,1,98.36
Wan,Liam,wanliam@gmail.com,3c6vHqIxJsTg5YlH,6600365528,07/08/1987,56 hours 38 minutes 13 seconds,regular,true,paypal,"[""I am very happy with non-stick cookware"", ""I am very frustrated with the Customer Service, they kept dropping my calls leather jacket."", ""Well worth the money on this cutting board"", ""I am very happy with this sports water bottle"", ""I am very dissatisfied with how this performs compared to the last version of this dehumidifier filters.""]",162.40.50.194,"LAT: -72, LONG: -4",android,chrome,android,07/10/2024 06:41:21,06/07/2023 15:46:37,"[""refrigerator"", ""dishwasher"", ""dehumidifier filters""]","[""dishwasher"", ""toaster"", ""stove""]",rice cooker,06/01/2024,2025-07-31 16:57:57,0,0
Mila,Vangia,milavangia@gmail.com,5BuGHbAZCoT0TzJq,1336452901,07/01/1991,12 hours 45 minutes 7 seconds,premium,false,paypal,"[""My son bought this storage ottoman and he has been telling me how happy he is with this storage ottoman!"", ""My son bought this and he is very happy with this work boots"", ""Wow this is an amazing nail polish set.""]",28.165.37.159,"LAT: -34, LONG: -72",ios,chrome,ios,08/20/2023 19:57:44,11/29/2024 16:47:12,"[""slippers"", ""bath bombs"", ""spa gift set""]","[""makeup set"", ""tweezers""]",perfume,06/01/2024,2025-07-31 16:57:57,0,0
Mia,Derexley,miaderexley@yahoo.com,B24WKExVbapd95Wn,4770727385,09/14/1953,74 hours 8 minutes 11 seconds,regular,false,credit_card,"[""My son bought this pet grooming wipes and he has been telling me how happy he is with this pet grooming wipes!"", ""The way the food processor has changed my life, I could not believe my eyes when I saw this food processor!"", ""I am very dissatisfied with the way that this lip gloss has changed my life.""]",162.244.150.135,"LAT: 61, LONG: -150",unknown,safari,MacOS,06/14/2022 21:39:03,04/09/2023 07:31:59,"[""recliner"", ""bookshelf""]","[""desk organizers"", ""bar stools""]",bed,06/01/2024,2025-07-31 16:57:57,0,0
David,Chris,davidchris@gmail.com,BsuKe5Zakc8qylr5,3123234027,09/09/1967,71 hours 37 minutes 23 seconds,regular,true,paypal,"[""I am very happy with whisk"", ""I am very happy with the way that this dollhouse"", ""My son bought this and he is very happy with this facial cleansing brush"", ""My son bought this and he is very happy with this graphic novel""]",11.24.180.164,"LAT: 18, LONG: -145",ios,safari,ios,05/11/2023 05:04:34,08/30/2023 02:47:06,"[""activewear set"", ""trench coat"", ""winter coat"", ""jumpsuit"", ""dress""]","[""jeans"", ""dress"", ""sweatshirt""]",winter coat,06/01/2024,2025-07-31 16:57:57,0,0
Paul,Laevan,paullaevan@yahoo.com,UfXZWkpdp4xnGz5f,2367753492,09/13/1995,19 hours 30 minutes 56 seconds,regular,true,credit_card,"[""I am very happy with parka""]",30.138.19.72,"LAT: 59, LONG: -139",unknown,chrome,unknown,05/06/2023 15:16:52,10/20/2022 23:49:08,"[""trampoline"", ""action figures"", ""arts and crafts storage"", ""science kits"", ""musical instrument storage""]","[""play kitchen"", ""musical instruments for kids""]",remote control toy storage,06/01/2024,2025-07-31 16:57:57,1,253.94
Nia,Quo,niaquo@gmail.com,K9Rr16UFVV6sc70s,1847656227,04/08/1995,106 hours 57 minutes 31 seconds,regular,true,paypal,"[""I am very satisfied with this cookware set"", ""I am cannot believe my eyes when I saw this apron. I am very happy with this apron"", ""The way I was treated, I could not believe my ears. Hope you don't have to go through this heels."", ""I am very happy with the way that this desk has changed the very way that I live."", ""I am very excited to try out this cosmetic organizer. I have heard some many positive things!""]",153.75.131.238,"LAT: -90, LONG: 105",android,safari,android,01/19/2022 20:20:17,09/25/2023 06:06:45,"[""nail clippers"", ""hair straightener"", ""body lotion""]","[""comb"", ""bath bombs""]",hair accessories set,06/01/2024,2025-07-31 16:57:57,1,340.63
Kara,Almia,karaalmia@hotmail.com,XMTHOpBypPxN3c7O,4172832256,08/31/1968,49 hours 2 minutes 43 seconds,regular,true,stripe,"[""I am very satisfied with this action camera"", ""Well worth the money on this eyebrow pencil"", ""Wow I cannot believe this electric kettle parts"", ""I want to thank you for this sports gloves, it has changed my life. I am very happy with this sports gloves!""]",123.12.248.122,"LAT: 49, LONG: -2",android,safari,android,07/18/2024 04:06:47,06/30/2024 18:33:52,"[""bed frame accessories""]","[""desk""]",dining table,06/01/2024,2025-07-31 16:57:57,4,6135.53
Hugo,Maceva,hugomaceva@icloud.com,cKFovvGvA36W3uMk,8553217778,04/26/1962,72 hours 14 minutes 53 seconds,free-trial,true,paypal,"[""I am very happy with pet carrier accessories, it has changed my life.""]",249.229.165.211,"LAT: -34, LONG: -135",windows,firefox,windows,04/22/2024 13:43:36,04/13/2024 12:43:10,"[""kitchen knife set"", ""food processor""]","[""cookware set"", ""colander""]",measuring spoons,06/01/2024,2025-07-31 16:57:57,1,568.74
Faye,Opaul,fayeopaul@icloud.com,JgTfWH3HtMVFKU3w,3668333161,08/19/1963,80 hours 21 minutes 32 seconds,regular,false,credit_card,"[""I am very happy the way that this desk organizers"", ""My son bought this smart doorbell and he has been telling me how happy he is with this smart doorbell!""]",70.212.110.228,"LAT: 40, LONG: -8",unknown,chrome,MacOS,06/28/2022 21:39:31,11/30/2024 16:33:10,"[""sectional sofa covers"", ""recliner accessories""]","[""gaming chair cushions"", ""bed"", ""console table"", ""patio umbrella"", ""bed frame accessories""]",garden bench,06/01/2024,2025-07-31 16:57:57,0,0
Kia,Mcmiason,kiamcmiason@yahoo.com,Z5VGO79g9hPTGzVx,8912821703,01/27/1997,83 hours 13 minutes 1 seconds,regular,true,credit_card,"[""I am very happy with the way that this trampoline accessories""]",226.143.22.65,"LAT: -47, LONG: 131",windows,safari,windows,08/27/2022 00:19:30,09/02/2023 01:39:56,"[""slow cooker""]","[""rice cooker"", ""electric kettle parts"", ""blender"", ""water heater""]",microwave oven accessories,06/01/2024,2025-07-31 16:57:57,2,966.85
Pia,Gabe,piagabe@gmail.com,nJQMYHcZedcjdrW0,0973501672,03/11/1998,81 hours 2 minutes 55 seconds,premium,true,stripe,"[""I am very happy the way that this blazer"", ""I could not believe how rude the Customer service agent was. I am very dissatisfied with this dress shoes.""]",175.203.110.38,"LAT: 4, LONG: 141",android,chrome,android,04/13/2022 19:53:22,02/10/2024 11:06:27,"[""armchair"", ""sectional sofa"", ""mattress protector""]","[""sofa covers"", ""patio umbrella"", ""armchair""]",dining chairs,06/01/2024,2025-07-31 16:57:57,0,0
Vera,Mcryan,veramcryan@yahoo.com,AtBchPZSurIz0MHr,0233364962,02/13/1958,16 hours 16 minutes 27 seconds,regular,true,paypal,"[""I am very frustrated with the Customer Service, they kept dropping my calls boot shaper."", ""I want to thank you for this toy boxes, it has changed my life. I am very happy with this toy boxes!"", ""I want to thank you for this bobby pins, it has changed my life. I am very happy with this bobby pins!"", ""I am very excited to try out this perfume. I have heard some many positive things!"", ""I am very frustrated with the Customer Service, they kept dropping my calls art book.""]",9.179.212.54,"LAT: 62, LONG: 124",unknown,safari,unknown,11/02/2022 15:54:05,11/28/2024 23:09:28,"[""young adult novel"", ""self-help book""]","[""science fiction novel"", ""reading light"", ""book storage box""]",art book,06/01/2024,2025-07-31 16:57:57,6,13073.720000000001
Gina,Dezed,ginadezed@protonmail.com,BhmLxpXGcE6a0Qau,6875802742,10/23/1958,48 hours 30 minutes 3 seconds,regular,true,stripe,"[""I am very excited to try out this desk. I have heard some many positive things!"", ""I am very dissatisfied with the way that this stuffed animals has changed my life."", ""I am very happy with the way that this pet food storage container has changed the very way that I live.""]",10.116.162.17,"LAT: -67, LONG: -2",windows,safari,windows,01/05/2024 16:27:49,08/14/2023 04:31:16,"[""coat"", ""trench coat"", ""loungewear"", ""t-shirt""]","[""jeans"", ""loungewear"", ""parka"", ""winter coat"", ""sweatshirt""]",blazer,06/01/2024,2025-07-31 16:57:57,0,0
Ike,Stkaisen,ikestkaisen@gmail.com,WSRarAl3aI7flpNa,9216347602,03/11/1998,62 hours 3 minutes 26 seconds,regular,true,credit_card,"[""I am cannot believe my eyes when I saw this blazer. I am very happy with this blazer"", ""I am very satisfied with this smartphone""]",48.139.75.109,"LAT: 19, LONG: 5",unknown,firefox,MacOS,07/02/2024 20:12:08,05/31/2023 17:07:22,"[""swimwear"", ""jumpsuit"", ""t-shirt"", ""loungewear"", ""activewear set""]","[""trench coat"", ""dress shirt"", ""sweater""]",underwear,06/01/2024,2025-07-31 16:57:57,2,1956.85
Zia,Orason,ziaorason@hotmail.com,A43T2ltsXs8dVdeF,8629415962,11/02/1968,30 hours 16 minutes 56 seconds,regular,true,stripe,"[""I am cannot believe my eyes when I saw this swimwear. I am very happy with this swimwear"", ""My son bought this action figure storage and he has been telling me how happy he is with this action figure storage!"", ""My son bought this and he is very happy with this book storage box""]",20.97.176.142,"LAT: 17, LONG: 17",windows,firefox,windows,01/06/2024 08:29:13,03/28/2024 11:57:29,"[""coat"", ""t-shirt"", ""jumpsuit"", ""trench coat"", ""swimwear""]","[""hoodie""]",sweatshirt,06/01/2024,2025-07-31 16:57:57,4,2987.0299999999997
Wan,Elleo,wanelleo@gmail.com,Ag1DAKN6E7cxgSUU,2157431539,11/19/2001,42 hours 1 minutes 34 seconds,premium,true,stripe,"[""The amount of time I have save using this shaving kit is amazing! I am very happy with this shaving kit"", ""I want to thank you for this exercise ball, it has changed my life. I am very happy with this exercise ball!""]",92.96.14.183,"LAT: -32, LONG: 135",unknown,safari,MacOS,02/16/2022 04:13:16,10/06/2023 10:17:51,"[""hoodie"", ""pajamas"", ""skirt"", ""leather jacket""]","[""dress"", ""loungewear"", ""coat""]",accessories,06/01/2024,2025-07-31 16:57:57,0,0
Bea,Mcvic,beamcvic@yahoo.com,KfVgkjADKObwP6fe,7292954031,10/30/1968,59 hours 44 minutes 38 seconds,regular,true,stripe,"[""I am very frustrated with the Customer Service, they kept dropping my calls ankle boots.""]",240.20.254.175,"LAT: -35, LONG: -40",ios,chrome,ios,04/13/2022 03:44:39,03/30/2022 17:20:22,"[""bed frame accessories"", ""armchair""]","[""dining chairs"", ""office chair cushions"", ""sofa covers""]",garden bench,06/01/2024,2025-07-31 16:57:57,0,0
Pax,Isla,paxisla@outlook.com,8NzNuggsxr9owENa,7688522827,01/06/2005,84 hours 6 minutes 8 seconds,regular,false,credit_card,"[""I am very happy with cookware set"", ""My son bought this suit and he has been telling me how happy he is with this suit!"", ""I am very happy with t-shirt""]",46.206.187.228,"LAT: -21, LONG: -131",android,firefox,android,05/17/2023 16:42:35,11/18/2022 02:50:09,"[""pet toothpaste"", ""pet feeding mat""]","[""pet odor eliminator"", ""pet first aid kit"", ""pet bed accessories""]",pet toothbrush,06/01/2024,2025-07-31 16:57:57,1,2619.12
Bella,Legrace,bellalegrace@outlook.com,jXj4hTOfUoE1V1Ki,4633818826,01/21/1976,13 hours 52 minutes 7 seconds,regular,true,paypal,"[""I am very happy with the way that this VR headset has changed the very way that I live."", ""My son bought this ladle and he has been telling me how happy he is with this ladle!"", ""I am cannot believe my eyes when I saw this blender. I am very happy with this blender"", ""My son bought this and he is very happy with this eyebrow pencil""]",49.219.3.106,"LAT: -11, LONG: 117",unknown,firefox,MacOS,08/03/2024 22:36:17,09/28/2024 12:12:28,"[""pet travel bag"", ""pet toothpaste"", ""pet water fountain"", ""pet shampoo""]","[""pet collar"", ""pet toys set"", ""pet scratching post""]",pet comb,06/01/2024,2025-07-31 16:57:57,0,0
Pia,Mccara,piamccara@gmail.com,B2Lb5gKP58xm4SAB,4373991728,05/13/1986,82 hours 6 minutes 9 seconds,regular,true,stripe,"[""The way this swimwear has changed my life, I could not believe my eyes when I saw this swimwear!"", ""I am very satisfied with this curling iron"", ""I am very happy with the way that this shoehorn has changed the very way that I live."", ""I am very happy with this sweatshirt"", ""The way I was treated, I could not believe my ears. Hope you don't have to go through this action camera mount.""]",184.44.206.14,"LAT: -15, LONG: 97",ios,safari,ios,12/05/2022 23:51:51,03/14/2022 08:00:32,"[""arch support"", ""insoles""]","[""boots"", ""wedge sandals"", ""slipper socks"", ""shoehorn""]",shoe bags,06/01/2024,2025-07-31 16:57:57,0,0
Vince,Saintora,vincesaintora@gmail.com,YlhC8bMAqLvppsdK,7783648268,01/27/1972,74 hours 48 minutes 59 seconds,regular,true,credit_card,"[""I want to thank you for this nail file, it has changed my life. I am very happy with this nail file!"", ""The way I was treated, I could not believe my ears. Hope you don't have to go through this blender."", ""I am very satisfied with this coffee maker""]",113.168.67.128,"LAT: 14, LONG: 97",android,chrome,android,04/02/2022 23:47:02,06/26/2024 15:33:27,"[""heel grips"", ""boots"", ""shoe organizer"", ""insoles""]","[""slipper socks"", ""arch support""]",dress shoes,06/01/2024,2025-07-31 16:57:57,0,0
Max,Hal,maxhal@hotmail.com,ciSfv9z5vC4ozTrh,9969624370,10/04/1985,31 hours 50 minutes 29 seconds,regular,true,credit_card,"[""I am very happy with the way that this water heater parts"", ""My son bought this history book and he has been telling me how happy he is with this history book!""]",24.80.148.103,"LAT: 64, LONG: -152",windows,safari,windows,04/08/2022 01:57:22,08/26/2022 08:37:48,"[""coffee maker"", ""electric kettle parts"", ""water heater"", ""blender accessories""]","[""vacuum cleaner accessories"", ""air purifier filters"", ""water heater parts"", ""dehumidifier filters""]",electric kettle parts,06/01/2024,2025-07-31 16:57:57,0,0
Kia,Lemila,kialemila@gmail.com,KmlDJSbQsRV8oakY,9596210082,05/29/1982,122 hours 27 minutes 4 seconds,premium,true,paypal,"[""I am very happy with nail file, it has changed my life."", ""I am very happy with the way that this cosmetic organizer has changed the very way that I live."", ""I am very happy with the way that this pet toothpaste has changed the very way that I live."", ""The way the pressure cooker has changed my life, I could not believe my eyes when I saw this pressure cooker!""]",133.206.154.212,"LAT: -69, LONG: -100",unknown,chrome,MacOS,06/04/2023 23:30:50,07/05/2024 21:42:20,"[""exercise mat"", ""baseball bat"", ""sports towel"", ""exercise ball""]","[""sports headband"", ""jump rope""]",sports cap,06/01/2024,2025-07-31 16:57:57,0,0
Luke,Vangabeley,lukevangabeley@aol.com,atJgTtzpVRLv9Xb8,1761692200,05/01/1987,33 hours 18 minutes 55 seconds,regular,true,paypal,"[""My son bought this and he is very happy with this toaster accessories"", ""I am very happy with the way that this gaming headset has changed the very way that I live."", ""Wow I cannot believe this food processor"", ""I love this arch support.""]",187.34.251.85,"LAT: 45, LONG: -6",ios,chrome,ios,03/19/2023 06:16:15,01/23/2023 20:47:46,"[""exercise ball"", ""dumbbell set""]","[""soccer goal"", ""barbell set"", ""treadmill""]",tennis racket,06/01/2024,2025-07-31 16:57:57,0,0
Taj,Yanson,tajyanson@outlook.com,oedg6zwqDUHcf2vV,0053906043,05/26/1978,121 hours 14 minutes 37 seconds,premium,true,credit_card,"[""I want to thank you for this winter coat, it has changed my life. I am very happy with this winter coat!""]",98.68.232.7,"LAT: -5, LONG: 110",android,safari,android,11/02/2024 10:00:24,06/16/2022 17:39:02,"[""dining table accessories"", ""office chair"", ""dining table"", ""bed frame accessories"", ""patio umbrella""]","[""bar stools"", ""sofa covers"", ""recliner accessories"", ""outdoor furniture set"", ""patio umbrella""]",coffee table books,06/01/2024,2025-07-31 16:57:57,0,0
Kate,Ozoesen,kateozoesen@hotmail.com,wU6R0Vrcv0WI75qN,4246343025,06/24/1983,11 hours 52 minutes 25 seconds,premium,true,credit_card,"[""I am very dissatisfied with the way that this shoehorn has changed my life."", ""I am very happy with the way that this loafers has changed my life."", ""I am cannot believe my eyes when I saw this kettlebell set. I am very happy with this kettlebell set"", ""I am very dissatisfied with how this performs compared to the last version of this elliptical machine.""]",56.102.174.92,"LAT: 44, LONG: 123",windows,safari,windows,05/15/2023 20:05:33,11/20/2023 21:37:48,"[""hair care set"", ""slippers"", ""bathrobe""]","[""makeup set"", ""facial tissues"", ""hair accessories set"", ""eyelash curler""]",facial cleansing brush,06/01/2024,2025-07-31 16:57:57,0,0
Fay,Elyara,fayelyara@yahoo.com,xBqnZgy6DSEVatNo,0378444591,04/02/1985,27 hours 19 minutes 43 seconds,admin,true,paypal,"[""I want to thank you for this office chair cushions, it has changed my life. I am very happy with this office chair cushions!"", ""I am very happy with this ankle boots"", ""I am very happy the way that this history book"", ""The way this gaming chair has changed my life, I could not believe my eyes when I saw this gaming chair!""]",175.59.151.174,"LAT: 32, LONG: -152",ios,chrome,ios,12/21/2023 09:15:21,05/12/2024 08:52:04,"[""shoe storage"", ""shoe organizer"", ""hiking boots""]","[""boot shaper"", ""sneaker cleaner""]",shoe storage,06/01/2024,2025-07-31 16:57:57,0,0
Qua,Diwan,quadiwan@hotmail.com,Ka0orTokju2Oy84R,9703509558,11/19/1980,79 hours 33 minutes 2 seconds,premium,true,stripe,"[""I am very frustrated with the Customer Service, they kept dropping my calls sneakers.""]",22.150.187.221,"LAT: 70, LONG: -41",windows,safari,windows,08/17/2023 00:41:38,12/22/2024 07:51:37,"[""pet bed accessories""]","[""pet toys set"", ""pet crate accessories"", ""pet first aid kit""]",pet nail clippers,06/01/2024,2025-07-31 16:57:57,3,2126.64
Via,Saintben,viasaintben@yahoo.com,JNLhwAzSexK87f3k,5530531254,07/17/1955,51 hours 24 minutes 24 seconds,premium,true,paypal,"[""I want to thank you for this beard grooming kit, it has changed my life. I am very happy with this beard grooming kit!"", ""I want to thank you for this beard grooming kit, it has changed my life. I am very happy with this beard grooming kit!"", ""I am not satisfied with this shoehorn."", ""My son bought this pet odor eliminator and he has been telling me how happy he is with this pet odor eliminator!""]",165.28.242.55,"LAT: 41, LONG: 17",android,safari,android,09/27/2023 10:39:52,03/11/2022 00:04:48,"[""photography book"", ""biography"", ""bookmarks"", ""book display stand""]","[""reading light"", ""book display stand"", ""photography book"", ""book storage box"", ""poetry collection""]",fantasy novel,06/01/2024,2025-07-31 16:57:57,0,0
Evan,Vanivy,evanvanivy@gmail.com,agpUKfUCI6hIhcBh,1920545106,12/29/1954,71 hours 41 minutes 29 seconds,free-trial,true,stripe,"[""I am very happy with the way that this console table has changed my life."", ""My son bought this and he is very happy with this vacuum cleaner"", ""I am very happy with activewear set"", ""I am very happy with the way that this shoe organizer has changed the very way that I live."", ""The way I was treated, I could not believe my ears. Hope you don't have to go through this textbook.""]",24.55.115.252,"LAT: -28, LONG: 85",unknown,safari,linux,12/21/2022 15:09:46,04/23/2022 07:48:16,"[""skirt"", ""blazer"", ""suit"", ""pajamas""]","[""underwear"", ""winter coat"", ""coat""]",dress shirt,06/01/2024,2025-07-31 16:57:57,1,93.95
Walt,Saintsam,waltsaintsam@aol.com,nP3giNnU9dsYfMjR,4957529728,10/16/1971,98 hours 9 minutes 16 seconds,free-trial,false,credit_card,"[""The amount of time I have save using this suit is amazing! I am very happy with this suit"", ""I am very happy with this pet water fountain""]",59.198.237.22,"LAT: -88, LONG: -121",ios,safari,ios,06/18/2024 19:15:51,03/07/2023 21:51:05,"[""pet training clicker"", ""pet toys"", ""pet first aid kit"", ""pet crate""]","[""pet odor eliminator"", ""pet carrier accessories"", ""pet comb"", ""pet toys set"", ""pet collar""]",pet flea and tick treatment,06/01/2024,2025-07-31 16:57:57,3,19073.95
Jane,Aljade,janealjade@gmail.com,INRioKQB7q4MyrLt,6455641237,05/14/1956,43 hours 53 minutes 34 seconds,free-trial,true,paypal,"[""The way I was treated, I could not believe my ears. Hope you don't have to go through this flip flops.""]",196.47.235.153,"LAT: 36, LONG: -52",windows,chrome,windows,11/24/2024 17:26:01,02/02/2022 02:39:01,"[""smart lock"", ""monitor stand""]","[""monitor"", ""drone"", ""robot vacuum cleaner"", ""wireless mouse"", ""printer""]",home security camera,06/01/2024,2025-07-31 16:57:57,0,0
