transaction_id,user_email,product_name,product_category,quantity,unit_price,discount_percent,discount_amount,shipping_cost,total_price,purchase_date,purchase_time,payment_method,purchase_status,month,year
VE5PBWW9XHWR,rexalgusley@outlook.com,hockey stick,sports_equipment,1,3763.11,15,564.47,0,3198.65,08/13/2023,23:11:08,credit_card,completed,8,2023
LLTVKVHEDIQD,rexalgusley@outlook.com,robot building kit,toys,1,155.74,0,0.0,0,155.74,08/22/2023,08:28:24,credit_card,completed,8,2023
2WRT82PC8EM4,niamacrialey@outlook.com,action figures,toys,1,221.96,0,0.0,0,221.96,08/01/2023,02:06:38,credit_card,completed,8,2023
KKXFJGKINBV4,niamacrialey@outlook.com,electric kettle,home_appliances,1,2600.57,0,0.0,0,2600.57,08/08/2023,03:38:16,credit_card,completed,8,2023
INA3RHB5HE72,xanderstdan@yahoo.com,toy organizers,toys,1,264.26,0,0.0,0,264.26,08/03/2023,07:55:55,paypal,completed,8,2023
NJV6JXQ0P10P,xandievan@outlook.com,board games,toys,1,253.75,25,63.44,0,190.32,08/14/2023,02:06:11,credit_card,completed,8,2023
YIAEXD6DF61P,adaxialey@yahoo.com,trench coat,clothing,1,209.78,0,0.0,0,209.78,08/09/2023,07:14:59,stripe,completed,8,2023
NZZV8T2BDBPY,adaxialey@yahoo.com,loungewear,clothing,1,54.92,0,0.0,0,54.92,08/20/2023,02:44:38,stripe,completed,8,2023
UYFB8CH965VL,adaxialey@yahoo.com,microwave oven,home_appliances,1,3437.87,5,171.89,0,3265.98,08/31/2023,06:14:24,credit_card,completed,8,2023
4CX2Q4PMV5AF,lunamcpaulson@hotmail.com,makeup brushes,beauty_products,1,37.2,0,0.0,11.4,48.6,08/08/2023,21:58:45,stripe,completed,8,2023
6UHZ5XT69ZXN,lunamcpaulson@hotmail.com,pilates reformer,sports_equipment,1,4298.98,0,0.0,0,4298.98,08/04/2023,12:49:53,paypal,completed,8,2023
SEOO8HA198VQ,lunamcpaulson@hotmail.com,educational toys,toys,1,77.94,0,0.0,0,77.94,08/11/2023,05:04:10,stripe,completed,8,2023
S0OP69A0KDJS,charlieomoe@protonmail.com,reading light,books,1,54.77,0,0.0,0,54.77,08/26/2023,10:28:54,paypal,completed,8,2023
LAYWLUW0SHS3,charlieomoe@protonmail.com,hand cream,beauty_products,5,52.34,0,0.0,0,261.7,08/29/2023,11:30:54,stripe,completed,8,2023
9QC2FKS28ZB7,charlieomoe@protonmail.com,loungewear,clothing,1,54.53,0,0.0,0,54.53,08/15/2023,04:12:37,credit_card,completed,8,2023
NLVTPGLZLIEI,charlieomoe@protonmail.com,mattress protector,furniture,1,1209.65,0,0.0,0,1209.65,08/16/2023,06:41:57,credit_card,completed,8,2023
5YC9MA9NACFN,oraonoahson@outlook.com,play kitchen accessories,toys,1,141.52,0,0.0,0,141.52,08/16/2023,04:06:05,credit_card,completed,8,2023
7CXM7WCN6VPO,oraonoahson@outlook.com,loungewear,clothing,1,54.44,0,0.0,0,54.44,08/12/2023,17:22:51,stripe,completed,8,2023
IG7VC2RLOERK,oraonoahson@outlook.com,refrigerator,home_appliances,1,2800.18,0,0.0,0,2800.18,08/10/2023,09:17:24,credit_card,completed,8,2023
1HNL5Y0DZCV6,zedelgabe@hotmail.com,bed frame accessories,furniture,1,2965.36,25,741.34,0,2224.02,08/29/2023,10:27:29,paypal,completed,8,2023
8H2BZOVWG2TI,lukeoona@yahoo.com,water heater parts,home_appliances,1,995.65,0,0.0,0,995.65,08/30/2023,10:44:40,paypal,completed,8,2023
K89QO0E3GF7B,lukeoona@yahoo.com,fantasy novel,books,1,66.16,0,0.0,0,66.16,08/03/2023,00:32:18,credit_card,completed,8,2023
EYZ4P3HHX3HJ,lukeoona@yahoo.com,dumbbell set,sports_equipment,1,5076.71,0,0.0,0,5076.71,08/31/2023,08:08:32,stripe,completed,8,2023
2OL7UOCS0JG3,lukeoona@yahoo.com,dumbbell set,sports_equipment,5,5111.17,0,0.0,0,25555.85,08/28/2023,20:41:39,paypal,completed,8,2023
6N731KZ2GHSN,yandiria@gmail.com,recliner accessories,furniture,1,1842.83,0,0.0,0,1842.83,08/29/2023,14:28:00,stripe,completed,8,2023
Y18LFCEKRDKM,timjadeson@yahoo.com,foam roller,sports_equipment,1,1412.21,0,0.0,0,1412.21,08/30/2023,15:53:22,stripe,completed,8,2023
XJCH7UUKPWZQ,yanalhugo@yahoo.com,jumpsuit,clothing,1,525.04,0,0.0,0,525.04,08/01/2023,14:25:42,credit_card,completed,8,2023
FF3DGOOMJ9TX,yanalhugo@yahoo.com,romance novel,books,1,91.33,0,0.0,0,91.33,08/09/2023,15:32:55,paypal,completed,8,2023
EI2A6Z3629AN,yanalhugo@yahoo.com,stand mixer,kitchenware,1,156.7,15,23.51,0,133.2,08/18/2023,20:11:45,stripe,completed,8,2023
XXFCK08VIDPV,yanalhugo@yahoo.com,phone case,electronics,1,3088.81,0,0.0,0,3088.81,08/18/2023,07:06:09,paypal,completed,8,2023
OUPZPLJYM2LM,wesfinn@yahoo.com,barbell set,sports_equipment,5,504.74,0,0.0,0,2523.68,08/23/2023,23:01:43,credit_card,completed,8,2023
YW88JVJAXQTV,wesfinn@yahoo.com,slow cooker,kitchenware,4,689.05,20,551.24,0,2204.97,08/24/2023,03:15:18,stripe,completed,8,2023
7XV1FBKAT9IA,wesfinn@yahoo.com,pet food storage container,pet_supplies,1,69.56,0,0.0,0,69.56,08/27/2023,02:57:48,paypal,completed,8,2023
BCUK5Z41U4DW,beaemma@yahoo.com,textbook,books,1,109.72,0,0.0,0,109.72,08/30/2023,06:14:03,paypal,completed,8,2023
FLRHL7LWO8NT,beaemma@yahoo.com,vacuum cleaner accessories,home_appliances,1,1422.5,0,0.0,0,1422.5,08/28/2023,11:34:56,paypal,completed,8,2023
VJ86C40EX64W,zackdedan@gmail.com,young adult novel,books,1,49.36,25,12.34,12.57,49.59,08/26/2023,22:20:59,stripe,completed,8,2023
3E9P3AD7K1IM,orakyleson@outlook.com,skirt,clothing,1,61.56,15,9.23,0,52.33,08/15/2023,19:48:35,stripe,completed,8,2023
M7E4V1OG39H7,orakyleson@outlook.com,armchair,furniture,1,9094.54,0,0.0,0,9094.54,08/15/2023,08:48:10,credit_card,completed,8,2023
1W7R36OSH1ZV,caimacgusson@yahoo.com,pet scratching post,pet_supplies,1,191.52,0,0.0,0,191.52,08/01/2023,08:17:22,stripe,completed,8,2023
MQF63I1VQATJ,caimacgusson@yahoo.com,keyboard,electronics,1,2210.64,0,0.0,0,2210.64,08/17/2023,11:24:06,credit_card,completed,8,2023
KKCUAO47I3BW,caimacgusson@yahoo.com,loungewear,clothing,1,54.73,0,0.0,0,54.73,08/10/2023,20:26:06,stripe,completed,8,2023
O8UBUK9SBD9P,caimacgusson@yahoo.com,slippers,beauty_products,1,225.85,15,33.88,0,191.97,08/12/2023,09:41:58,credit_card,completed,8,2023
GFCHYX98GW0G,caimacgusson@yahoo.com,textbook,books,1,110.49,15,16.57,0,93.92,08/19/2023,12:17:01,stripe,completed,8,2023
7US8HTPI69B6,quaivyton@hotmail.com,pet food storage container,pet_supplies,1,69.58,0,0.0,0,69.58,08/22/2023,01:08:03,paypal,completed,8,2023
Y4TIBBCYN5PT,jenisla@gmail.com,leather jacket,clothing,1,102.0,0,0.0,0,102.0,08/30/2023,01:00:39,credit_card,completed,8,2023
NXQ3543FE600,jenisla@gmail.com,coffee maker,home_appliances,1,3363.2,0,0.0,0,3363.2,08/27/2023,05:26:31,stripe,completed,8,2023
V74774OB86N7,jenisla@gmail.com,coat,clothing,4,162.77,0,0.0,0,651.06,08/31/2023,16:21:27,credit_card,completed,8,2023
ENH39Y5G9UTM,oonavanvinceley@hotmail.com,pet collar,pet_supplies,4,64.78,0,0.0,0,259.12,08/26/2023,04:51:07,credit_card,completed,8,2023
TWJ2AEUIG1R4,oonavanvinceley@hotmail.com,pilates reformer,sports_equipment,5,4236.24,0,0.0,0,21181.18,08/04/2023,01:53:04,stripe,completed,8,2023
9JLQYTZP3F45,oonavanvinceley@hotmail.com,exercise ball,sports_equipment,1,2060.52,0,0.0,0,2060.52,08/03/2023,06:18:49,credit_card,completed,8,2023
DXUOUPUJQFSI,rayolaley@icloud.com,bicycle,sports_equipment,1,562.47,0,0.0,0,562.47,08/03/2023,23:54:35,paypal,completed,8,2023
KKJCAUC7MHR0,liamvannina@outlook.com,sectional sofa,furniture,1,10648.37,0,0.0,0,10648.37,08/19/2023,14:54:52,stripe,completed,8,2023
K7DNIAU29GE0,liamvannina@outlook.com,tennis racket,sports_equipment,1,701.92,0,0.0,0,701.92,08/08/2023,00:12:25,paypal,completed,8,2023
TO9AK3O47WJM,jakedanley@yahoo.com,electric kettle,home_appliances,1,2565.8,0,0.0,0,2565.8,08/02/2023,00:33:39,stripe,completed,8,2023
FE21S6SMNYQT,jakevanray@protonmail.com,kitchen gadgets set,kitchenware,1,611.62,20,122.32,0,489.29,08/28/2023,10:22:40,paypal,completed,8,2023
2KUXUFHGZ5KN,jakevanray@protonmail.com,spatula,kitchenware,1,20.38,0,0.0,10.59,30.97,08/07/2023,00:22:58,stripe,completed,8,2023
0NXTRF36XL5W,jakevanray@protonmail.com,arts and crafts storage,toys,1,123.44,5,6.17,0,117.27,08/16/2023,21:55:26,paypal,completed,8,2023
GSN4ES7JURHB,xiaudoson@yahoo.com,patio umbrella,furniture,1,3313.57,20,662.71,0,2650.86,08/11/2023,12:37:16,credit_card,completed,8,2023
W0FRW4HIKVDU,guselmax@gmail.com,graphic novel,books,2,65.11,0,0.0,0,130.23,08/23/2023,04:52:58,paypal,completed,8,2023
37X4Y5ZG2U3R,guselmax@gmail.com,blender accessories,home_appliances,2,1960.23,0,0.0,0,3920.46,08/24/2023,02:56:05,credit_card,completed,8,2023
TI9R3NG8XXHO,laraola@gmail.com,educational toy storage,toys,3,28.46,0,0.0,0,85.38,08/01/2023,03:43:09,paypal,completed,8,2023
SP69J4DW1Q78,markgabe@icloud.com,t-shirt,clothing,1,568.83,15,85.32,0,483.51,08/24/2023,07:12:37,paypal,completed,8,2023
AEEBII9CETGE,ianleemmason@gmail.com,desk organizers,furniture,1,1746.05,0,0.0,0,1746.05,08/13/2023,15:41:56,paypal,completed,8,2023
JDRAK6TO9SL5,laradenina@outlook.com,socks,clothing,1,138.59,5,6.93,0,131.66,08/19/2023,11:24:32,stripe,completed,8,2023
W5H8O4RQQP68,laradenina@outlook.com,USB flash drive,electronics,1,1977.39,10,197.74,0,1779.65,08/14/2023,04:13:26,stripe,completed,8,2023
ABZAL7G3K1J7,laradenina@outlook.com,tweezers,beauty_products,1,132.33,20,26.47,0,105.86,08/02/2023,23:37:18,credit_card,completed,8,2023
ULTO0M39D15B,rexstivyton@outlook.com,remote control boat,toys,4,398.02,15,238.81,0,1353.25,08/03/2023,17:48:16,credit_card,completed,8,2023
Y9NAMS7BZ7I8,rexstivyton@outlook.com,yoga blocks,sports_equipment,2,1880.68,0,0.0,0,3761.37,08/05/2023,15:29:39,paypal,completed,8,2023
07VNG3X7HXK1,rexstivyton@outlook.com,hoodie,clothing,3,470.22,0,0.0,0,1410.67,08/29/2023,19:33:14,stripe,completed,8,2023
C9UAY7NRSEPR,wendyvongabesen@outlook.com,nail file,beauty_products,1,38.16,0,0.0,0,38.16,08/30/2023,12:07:23,paypal,completed,8,2023
0N64FE30PW7R,wendyvongabesen@outlook.com,cutting board,kitchenware,2,225.15,0,0.0,0,450.3,08/17/2023,15:45:12,stripe,completed,8,2023
QOF0H8611FTO,wendyvongabesen@outlook.com,book covers,books,1,56.84,0,0.0,0,56.84,08/01/2023,14:39:59,paypal,completed,8,2023
HLKC7VLISWAF,wendyvongabesen@outlook.com,shoe bags,footwear,1,434.54,5,21.73,0,412.82,08/22/2023,07:28:20,stripe,completed,8,2023
J2S06DXIVGSD,moesaintdorasen@aol.com,stuffed animal storage,toys,1,25.85,0,0.0,11.05,36.9,08/30/2023,14:59:56,credit_card,completed,8,2023
REZH86L7NYO9,moesaintdorasen@aol.com,play kitchen accessories,toys,1,141.65,25,35.41,0,106.24,08/21/2023,17:47:50,credit_card,completed,8,2023
Z5625LNL3RIQ,leovanpeter@gmail.com,pet food storage container,pet_supplies,1,69.37,5,3.47,0,65.9,08/28/2023,23:22:49,credit_card,completed,8,2023
UGB63631Y347,owendiyanley@outlook.com,history book,books,4,129.86,0,0.0,0,519.44,08/29/2023,11:14:17,paypal,completed,8,2023
FMRWDPK1A3D6,frankrita@yahoo.com,facial cleansing brush,beauty_products,1,125.82,0,0.0,0,125.82,08/13/2023,15:31:07,paypal,completed,8,2023
SN9N4ZR498KN,benvankia@hotmail.com,action camera,electronics,1,6131.88,20,1226.38,0,4905.51,08/13/2023,17:51:30,credit_card,completed,8,2023
7MKSOQSOUXUK,benvankia@hotmail.com,loungewear,clothing,1,54.84,0,0.0,0,54.84,08/06/2023,00:17:52,paypal,completed,8,2023
6VEYJYP3J5U2,benvankia@hotmail.com,bookshelf organizers,furniture,1,3614.14,0,0.0,0,3614.14,08/06/2023,13:17:20,stripe,completed,8,2023
9QXXW2ESU6X6,benvankia@hotmail.com,microwave oven,home_appliances,2,3421.11,25,1710.55,0,5131.66,08/08/2023,01:37:57,stripe,completed,8,2023
NURFH9160JFB,wynsaintwill@yahoo.com,sneakers,footwear,5,99.08,20,99.08,0,396.32,08/28/2023,13:20:24,paypal,completed,8,2023
1ZE9CLEIIIRK,sageotim@outlook.com,pet travel bag,pet_supplies,1,120.26,0,0.0,0,120.26,08/04/2023,05:28:47,credit_card,completed,8,2023
PT9SGRXYZPSK,oliviaxia@yahoo.com,blender accessories,home_appliances,1,1973.16,0,0.0,0,1973.16,08/29/2023,05:40:25,stripe,completed,8,2023
V6IW71IL556G,oliviaxia@yahoo.com,home security camera,electronics,1,972.76,0,0.0,0,972.76,08/13/2023,00:37:01,credit_card,completed,8,2023
DLN7ZL3IQM40,oliviaxia@yahoo.com,video game console accessories,toys,1,134.9,0,0.0,0,134.9,08/30/2023,03:42:38,paypal,completed,8,2023
KPJRDJH0EKQW,oliviaxia@yahoo.com,bookshelf organizers,books,4,38.67,0,0.0,0,154.69,08/31/2023,18:14:57,stripe,completed,8,2023
KDM7ROKPRGOK,oliviaxia@yahoo.com,sandals,footwear,1,947.04,0,0.0,0,947.04,08/12/2023,16:53:52,credit_card,completed,8,2023
5CM0UYKQH3HP,oliviaxia@yahoo.com,leather jacket,clothing,5,102.29,20,102.29,0,409.15,08/07/2023,02:32:02,paypal,completed,8,2023
5ACOG8W7M0SL,oliviaxia@yahoo.com,hiking boots,footwear,1,1188.78,0,0.0,0,1188.78,08/15/2023,06:34:57,paypal,completed,8,2023
EBO7SOCTQDJZ,oliviaxia@yahoo.com,boot shaper,footwear,1,472.03,0,0.0,0,472.03,08/22/2023,10:41:38,credit_card,completed,8,2023
EC89DGO625CR,quadee@yahoo.com,young adult novel,books,1,48.97,0,0.0,5.19,54.16,08/02/2023,06:24:45,paypal,completed,8,2023
QXC4898R9H8R,quadee@yahoo.com,lego storage,toys,1,255.84,20,51.17,0,204.68,08/12/2023,16:59:29,stripe,completed,8,2023
XTCNFXSZHGSL,quadee@yahoo.com,casual shoes,footwear,1,93.54,5,4.68,0,88.87,08/29/2023,13:43:35,paypal,completed,8,2023
4X263HSZSHNQ,quadee@yahoo.com,patio umbrella,furniture,4,3297.11,0,0.0,0,13188.45,08/15/2023,11:16:54,paypal,completed,8,2023
SHNF743NXL9M,waltoevasen@gmail.com,colander,kitchenware,1,321.91,0,0.0,0,321.91,08/28/2023,02:02:16,paypal,completed,8,2023
T2XP3M3Q98XC,pialadan@icloud.com,pet water fountain,pet_supplies,1,112.65,10,11.26,0,101.38,08/28/2023,00:15:39,paypal,completed,8,2023
11F32SU54M9D,emmadizia@gmail.com,coffee table,furniture,3,7044.38,0,0.0,0,21133.15,08/03/2023,06:01:42,credit_card,completed,8,2023
1U3HZ7SMAKB8,emmadizia@gmail.com,stuffed animals,toys,1,308.48,0,0.0,0,308.48,08/05/2023,18:39:32,credit_card,completed,8,2023
KI3SF82S6OUR,yashal@hotmail.com,microphone,electronics,3,2893.35,20,1736.01,0,6944.05,08/24/2023,03:47:13,paypal,completed,8,2023
JUS4HDHSWG7M,yashal@hotmail.com,coat,clothing,1,160.33,0,0.0,0,160.33,08/06/2023,12:01:19,stripe,completed,8,2023
DJDVFIDEKTCK,johnalsia@outlook.com,arch support,footwear,1,601.01,0,0.0,0,601.01,08/22/2023,02:04:48,credit_card,completed,8,2023
UYU7VKC66K4V,noahjaneley@yahoo.com,sports sunglasses,sports_equipment,1,641.91,0,0.0,0,641.91,08/02/2023,18:04:25,credit_card,completed,8,2023
2MVFZ09MX3YM,janemoe@protonmail.com,microwave oven accessories,home_appliances,1,1300.27,25,325.07,0,975.2,08/12/2023,02:54:29,paypal,completed,8,2023
UVNSZ7YJ8SO4,janemoe@protonmail.com,electric kettle,home_appliances,1,2577.64,0,0.0,0,2577.64,08/23/2023,23:30:01,paypal,completed,8,2023
477F7PINAB8K,janemoe@protonmail.com,shoe organizer,footwear,1,277.77,0,0.0,0,277.77,08/08/2023,05:11:12,credit_card,completed,8,2023
2502M9IV8DB9,janemoe@protonmail.com,cotton pads,beauty_products,1,141.7,5,7.08,0,134.61,08/27/2023,06:15:37,stripe,completed,8,2023
EA9YXWVG401V,janemoe@protonmail.com,dumbbell set,sports_equipment,1,5153.15,0,0.0,0,5153.15,08/26/2023,13:47:02,stripe,completed,8,2023
GQQYE7R4I08G,timpam@yahoo.com,garden bench,furniture,1,4993.79,20,998.76,0,3995.03,08/14/2023,11:17:03,credit_card,completed,8,2023
VOEFFN2H26EQ,timpam@yahoo.com,drone,electronics,1,5037.29,0,0.0,0,5037.29,08/13/2023,00:12:39,stripe,completed,8,2023
7JK020B00HVB,ianria@outlook.com,coffee table books,furniture,1,1822.21,0,0.0,0,1822.21,08/16/2023,06:01:17,stripe,completed,8,2023
TIURV5V13MIA,ianria@outlook.com,curling iron,beauty_products,1,27.09,5,1.35,0,25.74,08/31/2023,12:28:28,stripe,completed,8,2023
XS1EKJET19VI,ianria@outlook.com,soccer goal,sports_equipment,1,785.47,5,39.27,0,746.2,08/10/2023,22:24:33,paypal,completed,8,2023
9KZI1OJPW9UY,ianria@outlook.com,water heater,home_appliances,1,1297.12,0,0.0,0,1297.12,08/21/2023,03:25:41,stripe,completed,8,2023
4QR2X7GE61X6,ianria@outlook.com,pet water bowl,pet_supplies,1,38.39,0,0.0,9.45,47.84,08/10/2023,17:24:37,paypal,completed,8,2023
OLBUIW3BNZVQ,ianria@outlook.com,pet training clicker,pet_supplies,1,54.9,0,0.0,0,54.9,08/18/2023,19:22:55,stripe,completed,8,2023
JW4FW41764QS,ianria@outlook.com,arts and crafts kits,toys,1,328.17,0,0.0,0,328.17,08/22/2023,03:40:40,credit_card,completed,8,2023
TQZUCB87M0Y6,doramacmia@yahoo.com,toy storage bins,toys,5,14.66,0,0.0,0,73.31,08/28/2023,04:07:05,credit_card,completed,8,2023
C4RPHTYM6O72,doramacmia@yahoo.com,suit,clothing,3,182.47,20,109.48,0,437.93,08/14/2023,05:31:45,credit_card,completed,8,2023
326MQSXRY16Q,doramacmia@yahoo.com,mattress protector,furniture,1,1215.25,0,0.0,0,1215.25,08/08/2023,06:25:26,credit_card,completed,8,2023
LYKXPSFDNHNV,doramacmia@yahoo.com,pet collar,pet_supplies,5,65.35,0,0.0,0,326.75,08/27/2023,08:18:14,credit_card,completed,8,2023
FZ1TJEUJW2Q9,yarakai@hotmail.com,loungewear,clothing,2,54.42,15,16.33,0,92.52,08/30/2023,07:42:29,credit_card,completed,8,2023
ZMMGDCXEB54X,yaraxan@yahoo.com,play kitchen accessories,toys,1,141.57,0,0.0,0,141.57,08/03/2023,04:14:44,stripe,completed,8,2023
TPK3305E9FVM,troyula@yahoo.com,oven,home_appliances,5,4575.55,0,0.0,0,22877.73,08/10/2023,05:25:24,stripe,completed,8,2023
JGW11U9VFRTK,oraofrank@gmail.com,shoe bags,footwear,1,430.85,0,0.0,0,430.85,08/13/2023,17:07:09,stripe,completed,8,2023
AJVRPE6PZNV8,hankyas@yahoo.com,slow cooker,home_appliances,1,1981.58,0,0.0,0,1981.58,08/13/2023,18:40:45,credit_card,completed,8,2023
1NLSW3JWO6LB,hankyas@yahoo.com,pajamas,clothing,1,178.51,0,0.0,0,178.51,08/28/2023,17:37:46,paypal,completed,8,2023
T84A3FX2ESAO,nateluke@aol.com,wireless mouse,electronics,1,1588.65,10,158.86,0,1429.78,08/21/2023,13:44:21,stripe,completed,8,2023
UASKJTJIPRXF,nateluke@aol.com,loungewear,clothing,1,54.44,0,0.0,0,54.44,08/27/2023,22:45:21,credit_card,completed,8,2023
KZXPHOC5OKOD,xandermacalice@gmail.com,pet food storage container,pet_supplies,1,69.61,0,0.0,0,69.61,08/08/2023,14:48:14,paypal,completed,8,2023
VO74B0EVQYN4,xandermacalice@gmail.com,office chair cushions,furniture,4,672.95,0,0.0,0,2691.81,08/09/2023,04:55:30,stripe,completed,8,2023
81MQ4GF9CLSR,xandermacalice@gmail.com,oven,home_appliances,1,4548.64,15,682.3,0,3866.34,08/14/2023,07:25:50,stripe,completed,8,2023
23M5KCMNH573,xandermacalice@gmail.com,kitchen gadgets set,kitchenware,1,607.83,0,0.0,0,607.83,08/03/2023,18:10:55,stripe,completed,8,2023
0YGRXM8HTQ99,xandermacalice@gmail.com,accessories,clothing,1,250.8,0,0.0,0,250.8,08/11/2023,06:36:08,credit_card,completed,8,2023
M493FRF46F0N,charlielamia@gmail.com,pet odor eliminator,pet_supplies,1,38.31,0,0.0,7.58,45.89,08/11/2023,20:59:19,credit_card,completed,8,2023
L8554HB328O0,wendydora@hotmail.com,humidifier,home_appliances,1,2057.25,0,0.0,0,2057.25,08/08/2023,21:04:55,stripe,completed,8,2023
EA0B8QRRPCEM,ulalevic@gmail.com,body lotion,beauty_products,1,16.52,0,0.0,5.37,21.89,08/19/2023,14:26:37,stripe,completed,8,2023
3CF2WB63CHVK,vicemma@yahoo.com,pet grooming kit,pet_supplies,1,180.78,0,0.0,0,180.78,08/15/2023,04:56:48,paypal,completed,8,2023
465M7255ITLE,vivvongiasen@icloud.com,pet water fountain,pet_supplies,1,112.48,0,0.0,0,112.48,08/11/2023,20:47:19,credit_card,completed,8,2023
PUIH10IFOT3V,vivvongiasen@icloud.com,soccer goal,sports_equipment,5,784.85,0,0.0,0,3924.26,08/11/2023,13:09:27,paypal,completed,8,2023
GPDAHRNOSQHO,vivvongiasen@icloud.com,children's book,books,1,40.63,5,2.03,0,38.6,08/13/2023,17:39:14,credit_card,completed,8,2023
6FBNXT80F652,vivvongiasen@icloud.com,pet grooming wipes,pet_supplies,1,96.98,0,0.0,0,96.98,08/10/2023,20:54:16,stripe,completed,8,2023
8ZEZM3XZNTU9,vivvongiasen@icloud.com,exercise ball,sports_equipment,1,2080.12,0,0.0,0,2080.12,08/03/2023,18:27:23,stripe,completed,8,2023
VOXYBKJ04OKP,vivvongiasen@icloud.com,pilates reformer,sports_equipment,4,4243.74,20,3394.99,0,13579.95,08/01/2023,17:37:22,paypal,completed,8,2023
7UAAOST4O02N,kailayan@yahoo.com,stove,home_appliances,2,1493.04,0,0.0,0,2986.08,08/26/2023,05:00:54,stripe,completed,8,2023
IKQ0IFLSACAL,siapia@gmail.com,patio umbrella,furniture,4,3321.44,0,0.0,0,13285.75,08/25/2023,03:34:06,credit_card,completed,8,2023
I7ZW3X6XYRYX,evemcoona@yahoo.com,insoles,footwear,1,411.37,0,0.0,0,411.37,08/01/2023,06:48:32,paypal,completed,8,2023
LHOZOT90U0T5,evemcoona@yahoo.com,cosmetic organizer,beauty_products,2,132.92,0,0.0,0,265.84,08/13/2023,17:55:49,stripe,completed,8,2023
TIQUCHS3Y23V,vicsam@yahoo.com,rice cooker,kitchenware,1,781.98,10,78.2,0,703.78,08/29/2023,12:29:31,credit_card,completed,8,2023
6J745LVXI6I2,ziadekyle@icloud.com,educational toy storage,toys,1,28.64,0,0.0,13.27,41.91,08/27/2023,14:16:14,paypal,completed,8,2023
OHJW7MNHETEA,ziadekyle@icloud.com,basketball hoop,sports_equipment,2,3914.46,0,0.0,0,7828.93,08/20/2023,17:36:23,stripe,completed,8,2023
IKBMNOIS44QK,noahmacdylansen@outlook.com,air fryer,kitchenware,1,346.81,0,0.0,0,346.81,08/24/2023,09:42:17,stripe,completed,8,2023
PX6S0JXXLMBO,noahmacdylansen@outlook.com,dress shoes,footwear,1,881.89,0,0.0,0,881.89,08/24/2023,14:37:38,credit_card,completed,8,2023
SPY3KNS7H9BQ,ginadavid@outlook.com,kitchen utensils set,kitchenware,1,306.44,0,0.0,0,306.44,08/30/2023,01:57:53,stripe,completed,8,2023
VR6WJ431X2N6,ginadavid@outlook.com,flip flops,footwear,2,178.19,0,0.0,0,356.38,08/08/2023,09:02:02,paypal,completed,8,2023
1MDXH42YQANY,ginadavid@outlook.com,mixing bowls,kitchenware,2,119.14,20,47.66,0,190.63,08/02/2023,08:30:50,stripe,completed,8,2023
UC53KKDQXSWQ,ginadavid@outlook.com,parka,clothing,1,351.55,10,35.16,0,316.4,08/02/2023,07:46:57,stripe,completed,8,2023
WP133ZOZMCIS,ginadavid@outlook.com,pet carrier accessories,pet_supplies,1,121.07,0,0.0,0,121.07,08/16/2023,07:47:15,stripe,completed,8,2023
RGJLMTA27LNS,katestqua@yahoo.com,air conditioner,home_appliances,1,3883.47,0,0.0,0,3883.47,08/02/2023,00:51:34,paypal,completed,8,2023
LL5IKZ9LP1IU,katestqua@yahoo.com,humidifier filters,home_appliances,1,790.83,0,0.0,0,790.83,08/28/2023,21:37:59,credit_card,completed,8,2023
E244CXN20TAP,katestqua@yahoo.com,washing machine,home_appliances,1,1290.44,0,0.0,0,1290.44,08/06/2023,08:38:06,paypal,completed,8,2023
AKXUQR3EBO0Q,olaelkyle@outlook.com,accessories,clothing,1,250.42,0,0.0,0,250.42,08/20/2023,09:01:40,credit_card,completed,8,2023
YRDYLC336S3T,olaelkyle@outlook.com,sports sunglasses,sports_equipment,1,641.83,0,0.0,0,641.83,08/20/2023,19:55:55,credit_card,completed,8,2023
XZMX3Q616Y9W,olaelkyle@outlook.com,tongs,kitchenware,4,304.85,0,0.0,0,1219.4,08/19/2023,08:47:08,credit_card,completed,8,2023
YZKE1LMIGIFV,olaelkyle@outlook.com,video game console,toys,1,30.72,0,0.0,8.72,39.44,08/27/2023,15:47:54,stripe,completed,8,2023
B2KQ9BNAKIXF,riabella@yahoo.com,robot vacuum cleaner,electronics,1,6898.21,10,689.82,0,6208.39,08/16/2023,23:57:53,credit_card,completed,8,2023
FLKPWF3FX2B7,riabella@yahoo.com,smart home hub,electronics,1,2038.09,0,0.0,0,2038.09,08/31/2023,22:22:14,paypal,completed,8,2023
RBFZA5DX6ALG,riabella@yahoo.com,book display stand,books,5,78.17,0,0.0,0,390.87,08/05/2023,00:23:19,credit_card,completed,8,2023
36PC3JRWZ2R7,gracexan@yahoo.com,arch support,footwear,1,595.83,0,0.0,0,595.83,08/27/2023,10:20:29,paypal,completed,8,2023
Q631YI6A220G,gracexan@yahoo.com,mixing bowls,kitchenware,1,119.09,10,11.91,0,107.18,08/30/2023,07:25:50,paypal,completed,8,2023
7MVMFXT3HB5W,gracexan@yahoo.com,smart speaker,electronics,1,2017.8,0,0.0,0,2017.8,08/02/2023,14:05:40,paypal,completed,8,2023
29F1HHIXWFUU,paxcai@outlook.com,makeup sponge,beauty_products,1,100.86,15,15.13,0,85.73,08/06/2023,22:52:24,credit_card,completed,8,2023
0381YNLPCLQ2,waltada@aol.com,hair accessories set,beauty_products,1,109.18,0,0.0,0,109.18,08/13/2023,12:44:39,paypal,completed,8,2023
MIL2BXITDD8S,waltada@aol.com,sandals,footwear,1,954.93,0,0.0,0,954.93,08/06/2023,07:09:38,paypal,completed,8,2023
KD0J7GGKQBLF,waltada@aol.com,pet brush,pet_supplies,1,148.76,0,0.0,0,148.76,08/12/2023,09:39:56,paypal,completed,8,2023
6PFB0G8BD0J2,sagelezoe@hotmail.com,vacuum cleaner accessories,home_appliances,1,1403.18,0,0.0,0,1403.18,08/16/2023,20:27:35,paypal,completed,8,2023
X1AQ1LI1JAGP,sagelezoe@hotmail.com,dress,clothing,1,528.91,0,0.0,0,528.91,08/18/2023,12:54:56,stripe,completed,8,2023
FQHMW85W13E3,franklaluna@yahoo.com,smartwatch,electronics,1,3722.29,0,0.0,0,3722.29,08/04/2023,20:13:33,paypal,completed,8,2023
Z9A15O0APAD9,franklaluna@yahoo.com,food processor,home_appliances,1,1295.23,0,0.0,0,1295.23,08/16/2023,19:51:11,paypal,completed,8,2023
L4Z2PGYR3T4D,franklaluna@yahoo.com,leather jacket,clothing,3,101.5,0,0.0,0,304.49,08/02/2023,23:05:16,credit_card,completed,8,2023
4UOAPEDWMI7J,franklaluna@yahoo.com,underwear,clothing,1,288.72,0,0.0,0,288.72,08/28/2023,05:13:26,paypal,completed,8,2023
8AA90QQBOPH4,franklaluna@yahoo.com,leather jacket,clothing,1,101.46,15,15.22,0,86.24,08/12/2023,14:42:13,credit_card,completed,8,2023
Y6KPUZNYQZWG,franklaluna@yahoo.com,t-shirt,clothing,1,566.37,25,141.59,0,424.78,08/03/2023,08:12:05,stripe,completed,8,2023
JSQ3SAD7G9OA,franklaluna@yahoo.com,yoga blocks,sports_equipment,1,1892.3,15,283.84,0,1608.45,08/29/2023,23:30:33,credit_card,completed,8,2023
0UN3W3W583QV,franklaluna@yahoo.com,desk organizers,furniture,1,1758.57,0,0.0,0,1758.57,08/06/2023,23:26:25,credit_card,completed,8,2023
T6HVWYK8JVKD,vivstkiason@outlook.com,suit,clothing,1,180.9,0,0.0,0,180.9,08/05/2023,00:04:42,credit_card,completed,8,2023
8N3X7KJJQNRG,tajmacliam@icloud.com,pet crate accessories,pet_supplies,1,61.01,0,0.0,0,61.01,08/25/2023,00:06:24,credit_card,completed,8,2023
SYBE8K9INKE6,yasola@gmail.com,comb,beauty_products,1,134.05,25,33.51,0,100.54,08/26/2023,00:21:47,paypal,completed,8,2023
HRSCPSZC7N29,yasola@gmail.com,leather jacket,clothing,1,101.86,0,0.0,0,101.86,08/28/2023,22:39:47,stripe,completed,8,2023
KI5H5CG9AZ9K,zedmcvince@hotmail.com,air fryer,kitchenware,1,342.86,0,0.0,0,342.86,08/07/2023,18:41:45,paypal,completed,8,2023
33HHWAZV80S7,zedmcvince@hotmail.com,cookware set,kitchenware,1,194.57,0,0.0,0,194.57,08/07/2023,14:56:10,stripe,completed,8,2023
ZYSF6VVFLMO2,siadivia@hotmail.com,humidifier,home_appliances,1,2049.64,25,512.41,0,1537.23,08/17/2023,07:56:51,stripe,completed,8,2023
6HR31SQVEIQO,siadivia@hotmail.com,fitness tracker accessories,sports_equipment,1,1429.7,20,285.94,0,1143.76,08/09/2023,01:48:44,paypal,completed,8,2023
27FICEWJOEFN,noahmczoe@outlook.com,food processor parts,home_appliances,1,1290.9,0,0.0,0,1290.9,08/27/2023,02:19:26,paypal,completed,8,2023
GVYLCX2YAED4,owenmarkton@icloud.com,hair straightener,beauty_products,1,42.47,0,0.0,5.66,48.13,08/31/2023,15:24:07,credit_card,completed,8,2023
8G8EDN6OIKDK,dylanomoeley@outlook.com,gaming chair cushions,furniture,1,1801.85,0,0.0,0,1801.85,08/01/2023,19:11:09,credit_card,completed,8,2023
ZOIL8ZDG4JV3,vivmcfaye@gmail.com,gaming chair cushions,furniture,1,1799.35,0,0.0,0,1799.35,08/24/2023,16:04:20,credit_card,completed,8,2023
ST0BGTMFA3MZ,evemacwill@outlook.com,book storage box,books,1,23.31,25,5.83,7.65,25.13,08/24/2023,00:27:14,paypal,completed,8,2023
70J1GXEC1664,ivykyle@hotmail.com,shoehorn,footwear,1,420.72,20,84.14,0,336.58,08/10/2023,17:13:16,credit_card,completed,8,2023
NP1STGR3U2AJ,ivykyle@hotmail.com,running shoes,footwear,1,175.29,0,0.0,0,175.29,08/07/2023,05:55:25,credit_card,completed,8,2023
DL1MQOFMKWFH,ivykyle@hotmail.com,remote control drone,toys,3,182.01,0,0.0,0,546.04,08/21/2023,06:59:44,credit_card,completed,8,2023
Q6R7RZ290Z5B,beastluke@yahoo.com,toy storage bins,toys,2,14.64,10,2.93,6.69,33.04,08/30/2023,21:42:04,paypal,completed,8,2023
2G4HJXKBW8E3,mialanedton@outlook.com,tongs,kitchenware,1,301.39,0,0.0,0,301.39,08/17/2023,11:56:19,stripe,completed,8,2023
3GZ58D3YEBCX,slylania@gmail.com,hair clips,beauty_products,1,39.45,0,0.0,0,39.45,08/20/2023,03:06:10,stripe,completed,8,2023
BLIOASDKZC4I,slylania@gmail.com,pet grooming gloves,pet_supplies,5,305.83,0,0.0,0,1529.16,08/03/2023,20:43:42,stripe,completed,8,2023
Z336QBMYHRDD,slylania@gmail.com,beauty blender,beauty_products,3,113.89,0,0.0,0,341.68,08/25/2023,09:17:54,credit_card,completed,8,2023
P8JNTXWOUC6J,slylania@gmail.com,tennis racket,sports_equipment,1,700.04,0,0.0,0,700.04,08/20/2023,13:18:22,credit_card,completed,8,2023
6AMCCAN1RK3F,slylania@gmail.com,toaster,home_appliances,4,4104.77,0,0.0,0,16419.1,08/25/2023,17:59:13,paypal,completed,8,2023
RSUVUCL7Y4BF,slylania@gmail.com,bookshelf organizers,books,1,38.44,0,0.0,13.91,52.35,08/01/2023,02:18:58,credit_card,completed,8,2023
O4S6IR7TJDL7,slylania@gmail.com,slippers,beauty_products,1,223.54,0,0.0,0,223.54,08/16/2023,14:45:50,credit_card,completed,8,2023
JWGGJRB1VHNZ,slylania@gmail.com,spa gift set,beauty_products,1,142.64,0,0.0,0,142.64,08/28/2023,01:43:41,paypal,completed,8,2023
IVJ2SB2Q6AYK,slylania@gmail.com,kitchen towels,kitchenware,3,251.12,25,188.34,0,565.01,08/15/2023,00:12:07,credit_card,completed,8,2023
R0C4YHLFO498,slylania@gmail.com,arts and crafts kits,toys,1,326.57,25,81.64,0,244.93,08/25/2023,13:36:13,credit_card,completed,8,2023
GOMF43TESS5B,vicsaintxan@yahoo.com,insoles,footwear,4,415.18,0,0.0,0,1660.74,08/14/2023,21:50:42,stripe,completed,8,2023
2G8CH6D1NJQ0,vicsaintxan@yahoo.com,sports water bottle,sports_equipment,1,70.5,15,10.57,0,59.92,08/10/2023,05:55:47,stripe,completed,8,2023
L0ZQQMPG4WJJ,vicsaintxan@yahoo.com,exercise mat,sports_equipment,1,1537.95,0,0.0,0,1537.95,08/15/2023,10:30:59,credit_card,completed,8,2023
L6S46MBEUTFF,vicsaintxan@yahoo.com,pet crate,pet_supplies,1,256.19,0,0.0,0,256.19,08/05/2023,15:25:01,paypal,completed,8,2023
B3PY9YKP52XT,milalesam@outlook.com,office chair cushions,furniture,1,670.62,0,0.0,0,670.62,08/30/2023,01:50:30,stripe,completed,8,2023
47U11MNIT9CN,milalesam@outlook.com,play kitchen accessories,toys,1,141.44,0,0.0,0,141.44,08/12/2023,07:12:49,paypal,completed,8,2023
U4ASOVMN5VIS,milalesam@outlook.com,sneaker cleaner,footwear,1,423.64,10,42.36,0,381.28,08/30/2023,22:21:34,credit_card,completed,8,2023
XXX3FU6XZ2IK,milalesam@outlook.com,lego set,toys,1,165.5,0,0.0,0,165.5,08/17/2023,03:32:57,paypal,completed,8,2023
PMZNST8ZU844,milalesam@outlook.com,monitor stand,electronics,1,1614.26,0,0.0,0,1614.26,08/19/2023,09:45:22,credit_card,completed,8,2023
S3N37ZGWRKXZ,milalesam@outlook.com,science fiction novel,books,4,92.31,0,0.0,0,369.23,08/09/2023,00:26:57,paypal,completed,8,2023
2R7HDZF0YDS8,ziastuma@outlook.com,camera bag,electronics,1,633.29,0,0.0,0,633.29,08/12/2023,04:01:22,stripe,completed,8,2023
CEQHTK34SM99,chriseva@aol.com,sofa covers,furniture,1,366.92,0,0.0,0,366.92,08/12/2023,05:08:25,stripe,completed,8,2023
WWLPZ8H0UN1M,chriseva@aol.com,water heater parts,home_appliances,1,998.66,0,0.0,0,998.66,08/09/2023,23:47:44,paypal,completed,8,2023
YJEGGA6XP24K,chriseva@aol.com,comb,beauty_products,1,134.33,0,0.0,0,134.33,08/25/2023,06:38:50,credit_card,completed,8,2023
SRYUW78J0I10,chriseva@aol.com,fitness tracker band,electronics,1,1257.23,25,314.31,0,942.92,08/28/2023,06:11:43,paypal,completed,8,2023
WYOC2ZHDS1BN,karaladylan@yahoo.com,sofa,furniture,1,9324.5,0,0.0,0,9324.5,08/31/2023,00:29:11,credit_card,completed,8,2023
5JMO1ZGPDZIO,karaladylan@yahoo.com,espresso machine,kitchenware,1,551.51,15,82.73,0,468.78,08/02/2023,22:10:51,credit_card,completed,8,2023
VWAY3HDUK8X3,karaladylan@yahoo.com,slow cooker,home_appliances,1,2003.82,0,0.0,0,2003.82,08/20/2023,15:24:47,paypal,completed,8,2023
HS50NYPXBBSW,karaladylan@yahoo.com,pet first aid kit,pet_supplies,1,303.64,5,15.18,0,288.45,08/23/2023,22:05:20,paypal,completed,8,2023
4RDZ83ZJX6XK,karaladylan@yahoo.com,face mask,beauty_products,1,107.39,5,5.37,0,102.02,08/01/2023,08:38:28,paypal,completed,8,2023
D4OL7BREG0NY,karaladylan@yahoo.com,shoe laces,footwear,1,229.85,5,11.49,0,218.36,08/26/2023,19:10:16,credit_card,completed,8,2023
8VANPC4698P1,karaladylan@yahoo.com,coffee table books,furniture,1,1819.89,0,0.0,0,1819.89,08/16/2023,04:55:43,paypal,completed,8,2023
VAMNORJGWRSE,karaladylan@yahoo.com,gaming chair cushions,furniture,2,1784.08,0,0.0,0,3568.17,08/18/2023,00:20:23,paypal,completed,8,2023
HEFNNS193JMZ,guslawaltley@gmail.com,4K TV,electronics,1,2472.82,0,0.0,0,2472.82,08/13/2023,07:57:37,paypal,completed,8,2023
KJGADBOIA254,oliviamcyas@gmail.com,soccer goal,sports_equipment,3,795.39,0,0.0,0,2386.18,08/31/2023,18:53:41,credit_card,completed,8,2023
FF0GIC5W2VO2,oliviamcyas@gmail.com,gym bag,sports_equipment,1,2002.57,0,0.0,0,2002.57,08/19/2023,15:36:21,stripe,completed,8,2023
IAAPFHRTC8WW,oliviamcyas@gmail.com,toy storage bins,toys,1,14.57,0,0.0,5.14,19.71,08/22/2023,10:17:35,credit_card,completed,8,2023
8BBJDNFU53I7,oliviamcyas@gmail.com,boot shaper,footwear,1,470.32,10,47.03,0,423.29,08/29/2023,18:56:08,stripe,completed,8,2023
FJCZ6M8M7JAM,milabobton@icloud.com,hair accessories set,beauty_products,1,109.31,0,0.0,0,109.31,08/11/2023,22:17:30,credit_card,completed,8,2023
LXRUK1XFBFSD,milabobton@icloud.com,smartphone,electronics,1,330.76,5,16.54,0,314.22,08/23/2023,11:31:58,credit_card,completed,8,2023
ZM65BBC4RL9I,noahalian@aol.com,desk organizers,furniture,2,1751.18,0,0.0,0,3502.37,08/01/2023,17:45:45,stripe,completed,8,2023
EK619EWKZ6Q4,rexlazack@icloud.com,exercise resistance bands,sports_equipment,1,840.3,0,0.0,0,840.3,08/07/2023,13:45:15,stripe,completed,8,2023
WCAH15Y5IQ62,rexlazack@icloud.com,pet toothpaste,pet_supplies,1,140.9,10,14.09,0,126.81,08/18/2023,04:08:15,credit_card,completed,8,2023
L6ZSXMRUDB47,rexlazack@icloud.com,bookshelf organizers,furniture,1,3642.01,0,0.0,0,3642.01,08/27/2023,10:54:55,paypal,completed,8,2023
4JPAQHI46AKF,ginaoqua@outlook.com,sofa,furniture,5,9359.58,20,9359.58,0,37438.32,08/31/2023,12:34:12,stripe,completed,8,2023
3LR0K6CPG1RY,samsia@yahoo.com,outdoor furniture set,furniture,2,7743.99,0,0.0,0,15487.99,08/06/2023,18:55:28,stripe,completed,8,2023
ZD1KMIILLKPH,samsia@yahoo.com,pajamas,clothing,1,181.52,5,9.08,0,172.44,08/24/2023,19:35:48,paypal,completed,8,2023
UOYKH0HC27E3,samsia@yahoo.com,storage ottoman,furniture,1,8078.52,0,0.0,0,8078.52,08/31/2023,00:12:01,stripe,completed,8,2023
ETV03GR6X0ZO,samsia@yahoo.com,swimwear,clothing,2,219.87,15,65.96,0,373.78,08/26/2023,03:59:45,credit_card,completed,8,2023
3BBVV2O9HC7L,charliewill@yahoo.com,facial tissues,beauty_products,1,105.37,0,0.0,0,105.37,08/31/2023,10:50:06,paypal,completed,8,2023
0PPNXBC077D9,charliewill@yahoo.com,recliner accessories,furniture,1,1843.43,15,276.51,0,1566.91,08/10/2023,16:49:51,paypal,completed,8,2023
Z2MCP3BPVGVM,charliewill@yahoo.com,recliner accessories,furniture,3,1841.58,0,0.0,0,5524.74,08/28/2023,19:51:46,credit_card,completed,8,2023
WBD1S57LOO1J,charliewill@yahoo.com,waterproof spray,footwear,1,305.87,0,0.0,0,305.87,08/26/2023,00:08:50,paypal,completed,8,2023
BICOWPQ56ZAR,natedegraceley@hotmail.com,lip balm,beauty_products,1,71.22,0,0.0,0,71.22,08/30/2023,18:07:23,paypal,completed,8,2023
2WFUBI2GMPLV,natedegraceley@hotmail.com,puzzle storage,toys,1,149.52,10,14.95,0,134.56,08/15/2023,16:47:37,stripe,completed,8,2023
TGMI8DFK39XT,natedegraceley@hotmail.com,monitor stand,electronics,1,1635.48,0,0.0,0,1635.48,08/04/2023,13:40:37,stripe,completed,8,2023
E4IPNXM9RRRI,natedegraceley@hotmail.com,toaster accessories,home_appliances,1,1332.98,0,0.0,0,1332.98,08/04/2023,10:27:57,stripe,completed,8,2023
XBIY964ZXWD6,natedegraceley@hotmail.com,stand mixer,kitchenware,1,157.09,5,7.85,0,149.24,08/07/2023,02:12:04,stripe,completed,8,2023
5IX31YDP0TK3,natedegraceley@hotmail.com,lip balm,beauty_products,1,71.54,10,7.15,0,64.39,08/06/2023,20:01:56,credit_card,completed,8,2023
ZAM5AK0O93Q3,aliceikeson@protonmail.com,t-shirt,clothing,1,570.79,0,0.0,0,570.79,08/29/2023,05:00:07,paypal,completed,8,2023
9E164MWCRJJX,aliceikeson@protonmail.com,boxing gloves,sports_equipment,1,1373.49,0,0.0,0,1373.49,08/13/2023,12:59:02,stripe,completed,8,2023
9AOS0C0GQ1S1,aliceikeson@protonmail.com,pet scratching post,pet_supplies,1,192.35,0,0.0,0,192.35,08/20/2023,08:36:04,paypal,completed,8,2023
6UZQRD2PQCNJ,aliceikeson@protonmail.com,casual shoes,footwear,1,93.02,20,18.6,0,74.41,08/02/2023,20:35:27,paypal,completed,8,2023
RDAWT2XKT6OR,beaouma@gmail.com,nail file,beauty_products,1,37.97,0,0.0,9.78,47.75,08/12/2023,15:38:35,credit_card,completed,8,2023
1APYBQ661HQO,beaouma@gmail.com,hair care set,beauty_products,5,282.34,20,282.34,0,1129.37,08/27/2023,01:29:52,credit_card,completed,8,2023
KDW2CC3SWEF9,beaouma@gmail.com,trench coat,clothing,1,208.35,25,52.09,0,156.26,08/29/2023,22:35:06,stripe,completed,8,2023
5X1Y0P30WUU3,beaouma@gmail.com,lego storage,toys,1,256.95,0,0.0,0,256.95,08/20/2023,20:37:08,paypal,completed,8,2023
QJJWR2IN8XX0,beaouma@gmail.com,spa gift set,beauty_products,2,141.81,20,56.73,0,226.9,08/20/2023,19:14:57,credit_card,completed,8,2023
QRV0BY1W1PKK,quastdansen@hotmail.com,hair dryer,beauty_products,1,284.83,0,0.0,0,284.83,08/06/2023,00:42:04,stripe,completed,8,2023
8FXH9KD0E7B0,gusalqua@aol.com,sports gloves,sports_equipment,3,1545.38,0,0.0,0,4636.15,08/17/2023,15:46:40,stripe,completed,8,2023
T132I26EAAI0,deealtroy@gmail.com,golf clubs,sports_equipment,1,2298.53,0,0.0,0,2298.53,08/12/2023,06:39:28,paypal,completed,8,2023
W8DERU1OGU8F,deealtroy@gmail.com,slippers,beauty_products,1,224.19,0,0.0,0,224.19,08/15/2023,03:13:15,paypal,completed,8,2023
XTOL9YDJN9HM,deealtroy@gmail.com,boots,footwear,2,1023.29,0,0.0,0,2046.57,08/19/2023,12:57:17,credit_card,completed,8,2023
VL90FNAJW0RR,deealtroy@gmail.com,cotton pads,beauty_products,2,143.06,0,0.0,0,286.11,08/10/2023,16:46:42,paypal,completed,8,2023
GQ9FPLRI7O03,olivialexander@gmail.com,blender,home_appliances,1,4712.09,0,0.0,0,4712.09,08/22/2023,18:57:09,stripe,completed,8,2023
XXZLJUYAAIDU,rexmacrex@gmail.com,heels,footwear,2,385.98,0,0.0,0,771.97,08/20/2023,00:49:31,stripe,completed,8,2023
1EZPXNPN6Q8H,rexmacrex@gmail.com,pet bed,pet_supplies,1,179.49,0,0.0,0,179.49,08/14/2023,16:32:06,credit_card,completed,8,2023
2P88OB4L8G9T,rexmacrex@gmail.com,pet toys,pet_supplies,1,197.07,25,49.27,0,147.81,08/17/2023,04:39:22,credit_card,completed,8,2023
D2VPODSY13EF,rexmacrex@gmail.com,action camera mount,electronics,1,999.74,0,0.0,0,999.74,08/16/2023,11:04:51,paypal,completed,8,2023
RKXCK8YUI8QS,rexmacrex@gmail.com,accessories,clothing,1,250.87,0,0.0,0,250.87,08/12/2023,16:25:59,credit_card,completed,8,2023
93UB5FC3LWT5,rexmacrex@gmail.com,pet toothbrush,pet_supplies,1,76.6,0,0.0,0,76.6,08/11/2023,01:49:01,paypal,completed,8,2023
ZJ06XGHK302S,rexmacrex@gmail.com,armchair,furniture,1,8945.27,25,2236.32,0,6708.95,08/03/2023,08:52:21,stripe,completed,8,2023
JQXSDFN1YVKT,wyneljakesen@gmail.com,smart lock,electronics,1,203.38,0,0.0,0,203.38,08/07/2023,00:28:26,stripe,completed,8,2023
GDDEZCZ4ZHTZ,yaradialice@yahoo.com,bar stools,furniture,1,1340.88,0,0.0,0,1340.88,08/26/2023,09:08:54,stripe,completed,8,2023
V8UJQV6CRFXU,gussaintquo@gmail.com,blender accessories,home_appliances,1,1958.52,0,0.0,0,1958.52,08/15/2023,16:48:05,paypal,completed,8,2023
S81LI7AW7Q00,gussaintquo@gmail.com,work boots,footwear,4,241.96,0,0.0,0,967.83,08/06/2023,14:41:00,credit_card,completed,8,2023
4RL1HNEERZKE,evemacxia@outlook.com,dress,clothing,1,534.2,5,26.71,0,507.49,08/30/2023,07:08:17,paypal,completed,8,2023
5VU4B2QP1ZW0,evemacxia@outlook.com,tennis racket,sports_equipment,1,700.73,0,0.0,0,700.73,08/31/2023,14:13:11,credit_card,completed,8,2023
R8RXCOT2P9MZ,gabekai@yahoo.com,bath bombs,beauty_products,1,151.37,0,0.0,0,151.37,08/23/2023,18:47:55,stripe,completed,8,2023
I8GGF6V0O5T1,gabekai@yahoo.com,pet toothpaste,pet_supplies,4,140.71,0,0.0,0,562.83,08/19/2023,04:48:26,credit_card,completed,8,2023
KARGQW3YZJ1H,ulamoeson@yahoo.com,wardrobe,furniture,1,2828.58,15,424.29,0,2404.29,08/05/2023,18:16:35,credit_card,completed,8,2023
ODZ1MNPWBCK0,ulamoeson@yahoo.com,coffee machine,kitchenware,1,140.6,0,0.0,0,140.6,08/01/2023,09:57:04,paypal,completed,8,2023
POHLZCLHG41O,noahhoaley@hotmail.com,pet waste bags,pet_supplies,1,188.08,0,0.0,0,188.08,08/27/2023,11:21:03,paypal,completed,8,2023
Y84C9RLUQD9K,noahhoaley@hotmail.com,activewear set,clothing,1,175.35,0,0.0,0,175.35,08/17/2023,22:20:41,stripe,completed,8,2023
9K5E7CWOM4YN,oonaadaton@hotmail.com,jumpsuit,clothing,1,521.59,0,0.0,0,521.59,08/29/2023,03:59:43,paypal,completed,8,2023
QGQ7RTQRW6LX,oonaadaton@hotmail.com,kitchen scale,kitchenware,1,277.23,0,0.0,0,277.23,08/14/2023,14:21:15,credit_card,completed,8,2023
XFA5BKIVJMEO,oonaadaton@hotmail.com,slippers,footwear,1,490.62,0,0.0,0,490.62,08/17/2023,20:56:51,credit_card,completed,8,2023
X4D1YCC4LUPU,oonaadaton@hotmail.com,sofa covers,furniture,1,367.51,5,18.38,0,349.13,08/19/2023,21:06:15,paypal,completed,8,2023
TRKOMKE5NENE,oonaadaton@hotmail.com,coffee table books,furniture,1,1810.88,0,0.0,0,1810.88,08/03/2023,05:30:11,credit_card,completed,8,2023
F6UBWV52Z3MJ,oonaadaton@hotmail.com,wireless mouse,electronics,1,1585.35,0,0.0,0,1585.35,08/25/2023,02:20:24,credit_card,completed,8,2023
XNZLL6FX50GX,oonaadaton@hotmail.com,ankle boots,footwear,1,1156.31,25,289.08,0,867.23,08/14/2023,10:13:04,credit_card,completed,8,2023
44V1OJUIZFVJ,oonaadaton@hotmail.com,remote control boat,toys,1,396.91,0,0.0,0,396.91,08/08/2023,03:46:56,credit_card,completed,8,2023
JI4IGSBETDB4,oonaadaton@hotmail.com,heels,footwear,1,388.6,0,0.0,0,388.6,08/12/2023,03:39:54,stripe,completed,8,2023
OFSEB7459HUL,oonaadaton@hotmail.com,kitchen utensils set,kitchenware,3,303.17,0,0.0,0,909.52,08/14/2023,05:56:52,credit_card,completed,8,2023
A1F59UIWCBQX,caimcgabesen@aol.com,self-help book,books,1,136.67,0,0.0,0,136.67,08/05/2023,01:16:11,credit_card,completed,8,2023
26E14NUZMO7P,caimcgabesen@aol.com,exercise ball,sports_equipment,1,2070.22,5,103.51,0,1966.71,08/03/2023,03:25:23,stripe,completed,8,2023
YYLPORMPIIEL,caimcgabesen@aol.com,casual shoes,footwear,1,93.96,5,4.7,0,89.26,08/26/2023,19:16:32,paypal,completed,8,2023
BVWXXK2FNT6F,caimcgabesen@aol.com,pajamas,clothing,5,179.99,0,0.0,0,899.97,08/29/2023,09:24:45,credit_card,completed,8,2023
SED0SMIA2LMT,islamacrexley@yahoo.com,remote control car,toys,1,240.07,0,0.0,0,240.07,08/19/2023,01:04:37,stripe,completed,8,2023
QE78DAWFXAGW,islamacrexley@yahoo.com,face mask,beauty_products,1,108.81,0,0.0,0,108.81,08/13/2023,10:21:47,credit_card,completed,8,2023
6F5X8N0E4A08,islamacrexley@yahoo.com,slotted spoon,kitchenware,1,319.09,0,0.0,0,319.09,08/05/2023,12:48:57,paypal,completed,8,2023
HU88V1YHC9LX,islamacrexley@yahoo.com,underwear,clothing,1,286.88,10,28.69,0,258.19,08/24/2023,05:44:19,paypal,completed,8,2023
TOXRGNLSZBP7,islamacrexley@yahoo.com,storage ottoman,furniture,1,8097.49,5,404.87,0,7692.61,08/17/2023,15:39:55,credit_card,completed,8,2023
1E5OATONB89Z,hugoelowen@yahoo.com,measuring spoons,kitchenware,1,309.93,0,0.0,0,309.93,08/14/2023,06:53:19,credit_card,completed,8,2023
CUY974DZSRU1,chrisalpamley@gmail.com,waterproof spray,footwear,1,306.4,0,0.0,0,306.4,08/20/2023,23:38:38,paypal,completed,8,2023
0369EP86Q4AK,yanalvic@aol.com,pet collar,pet_supplies,2,65.11,0,0.0,0,130.22,08/12/2023,13:21:08,paypal,completed,8,2023
JA04UYFQQKS8,yanalvic@aol.com,educational toy storage,toys,3,28.48,0,0.0,0,85.45,08/12/2023,18:14:14,paypal,completed,8,2023
X71582TJV3M0,yanalvic@aol.com,stuffed animal storage,toys,1,26.01,0,0.0,12.17,38.18,08/05/2023,20:46:49,credit_card,completed,8,2023
6FCUISGJY1KP,ulaowen@gmail.com,sectional sofa,furniture,1,10661.13,0,0.0,0,10661.13,08/23/2023,04:33:39,stripe,completed,8,2023
5TFT671V1WNJ,ulaowen@gmail.com,sectional sofa,furniture,1,10717.51,0,0.0,0,10717.51,08/31/2023,10:57:21,paypal,completed,8,2023
MLZSA0L7V81E,wesmaxley@gmail.com,smart doorbell,electronics,1,457.02,0,0.0,0,457.02,08/23/2023,06:25:22,stripe,completed,8,2023
R01ITKPX8AD6,wesmaxley@gmail.com,sports gloves,sports_equipment,1,1548.39,10,154.84,0,1393.55,08/24/2023,06:24:16,stripe,completed,8,2023
QDKP302EE5IO,wesmaxley@gmail.com,dollhouse accessories,toys,1,263.95,0,0.0,0,263.95,08/15/2023,20:09:16,credit_card,completed,8,2023
MJDTKVAM84JN,wesmaxley@gmail.com,gaming chair cushions,furniture,1,1805.81,0,0.0,0,1805.81,08/02/2023,23:02:42,credit_card,completed,8,2023
CFBWWA9TX38B,oonalequason@outlook.com,dining table,furniture,1,6927.45,0,0.0,0,6927.45,08/02/2023,16:58:07,paypal,completed,8,2023
BA70RBJLFHZD,alexdizedton@aol.com,pet odor eliminator,pet_supplies,2,38.29,0,0.0,0,76.59,08/23/2023,13:27:30,stripe,completed,8,2023
L03MO15DVTOD,alexdizedton@aol.com,sofa covers,furniture,1,368.23,0,0.0,0,368.23,08/27/2023,02:23:55,stripe,completed,8,2023
MQICY4LQLTJ2,alexdizedton@aol.com,golf clubs,sports_equipment,1,2298.32,0,0.0,0,2298.32,08/08/2023,04:39:57,paypal,completed,8,2023
ONN1ZGYQ2G5L,alexdizedton@aol.com,pet scratching post,pet_supplies,1,192.38,0,0.0,0,192.38,08/14/2023,13:46:45,paypal,completed,8,2023
XW95T2MBY3P7,alexdizedton@aol.com,action figure storage,toys,2,44.24,0,0.0,0,88.49,08/22/2023,06:15:30,paypal,completed,8,2023
0ZGWTWLMH7G5,jademacemma@aol.com,barbell set,sports_equipment,1,503.03,0,0.0,0,503.03,08/12/2023,20:54:52,credit_card,completed,8,2023
H9ZR0SKUET4O,jademacemma@aol.com,armchair,furniture,1,9125.31,0,0.0,0,9125.31,08/12/2023,03:06:13,stripe,completed,8,2023
NSUX9IVD5I5D,slyvia@yahoo.com,suit,clothing,1,181.9,0,0.0,0,181.9,08/31/2023,15:51:31,credit_card,completed,8,2023
65BQGMMX57RJ,rexellunaley@aol.com,bathrobe,beauty_products,1,223.83,0,0.0,0,223.83,08/12/2023,16:56:37,stripe,completed,8,2023
4P42X54GXXUR,rexellunaley@aol.com,history book,books,1,129.46,0,0.0,0,129.46,08/27/2023,17:32:45,paypal,completed,8,2023
RE7JGBYZ9UGB,faystlia@protonmail.com,cutting board set,kitchenware,1,564.82,0,0.0,0,564.82,08/02/2023,18:43:55,credit_card,completed,8,2023
IHBIZWWHHSBO,faystlia@protonmail.com,trench coat,clothing,1,209.74,0,0.0,0,209.74,08/05/2023,19:51:59,paypal,completed,8,2023
HEIKRQ3OZ4HK,evanfaye@outlook.com,spa gift set,beauty_products,2,143.15,15,42.94,0,243.35,08/29/2023,23:45:17,credit_card,completed,8,2023
OSBYK2UVWHOG,lunavonsly@hotmail.com,slipper socks,footwear,1,294.39,0,0.0,0,294.39,08/12/2023,06:23:11,stripe,completed,8,2023
Y6PIDXDQQ932,lunavonsly@hotmail.com,pilates reformer,sports_equipment,1,4274.08,10,427.41,0,3846.67,08/24/2023,17:03:02,paypal,completed,8,2023
9QOK91QVE92A,lunavonsly@hotmail.com,remote control toy storage,toys,1,24.14,15,3.62,7.6,28.12,08/14/2023,09:52:36,stripe,completed,8,2023
HPMNSEXWSRLU,quostxia@yahoo.com,science fiction novel,books,1,92.62,0,0.0,0,92.62,08/19/2023,09:58:50,credit_card,completed,8,2023
94XO6ULJGKIE,quostxia@yahoo.com,bluetooth speaker,electronics,1,7361.83,5,368.09,0,6993.74,08/06/2023,21:19:55,stripe,completed,8,2023
LH6MJGSE7BAO,quostxia@yahoo.com,tablet,electronics,1,1255.44,0,0.0,0,1255.44,08/11/2023,04:40:21,paypal,completed,8,2023
KI019ES1LX6Q,quostxia@yahoo.com,pet waste bags,pet_supplies,5,187.99,10,93.99,0,845.94,08/03/2023,18:29:39,paypal,completed,8,2023
JIIAY34XMYCM,karalapeter@outlook.com,toy organizers,toys,1,260.59,0,0.0,0,260.59,08/13/2023,00:34:19,paypal,completed,8,2023
RX0WH7Y04JON,milavanivy@yahoo.com,treadmill,sports_equipment,2,5153.59,0,0.0,0,10307.18,08/12/2023,01:34:12,credit_card,completed,8,2023
3A57U23IG7ZO,milavanivy@yahoo.com,pet grooming wipes,pet_supplies,1,96.78,0,0.0,0,96.78,08/25/2023,08:43:34,paypal,completed,8,2023
KMJO7LGHR7TY,milavanivy@yahoo.com,face mask,beauty_products,1,107.48,15,16.12,0,91.36,08/18/2023,22:39:24,credit_card,completed,8,2023
SL4YFFQTRX8N,milavanivy@yahoo.com,dress shoes,footwear,1,883.35,5,44.17,0,839.19,08/09/2023,09:35:42,paypal,completed,8,2023
ZY6ZUU1AEHIP,milavanivy@yahoo.com,coffee table,furniture,1,7158.69,0,0.0,0,7158.69,08/21/2023,13:37:53,paypal,completed,8,2023
9S7VCMEXC1JP,zedstoona@yahoo.com,food processor,kitchenware,1,789.12,0,0.0,0,789.12,08/11/2023,22:24:14,credit_card,completed,8,2023
D77M04S91RHA,zedstoona@yahoo.com,parka,clothing,1,352.74,15,52.91,0,299.83,08/17/2023,22:08:36,paypal,completed,8,2023
887SC0OUEU0O,zedstoona@yahoo.com,work boots,footwear,1,244.61,0,0.0,0,244.61,08/17/2023,13:30:36,stripe,completed,8,2023
ZS8M9SOCLX3C,troyvonoona@protonmail.com,young adult novel,books,1,49.34,0,0.0,0,49.34,08/16/2023,21:00:17,credit_card,completed,8,2023
FQC3HVJRIKVR,carajane@outlook.com,patio umbrella,furniture,1,3300.78,5,165.04,0,3135.74,08/04/2023,03:04:57,stripe,completed,8,2023
AL3UDGCI776E,carajane@outlook.com,kitchen gadgets set,kitchenware,1,604.76,5,30.24,0,574.52,08/10/2023,02:24:45,credit_card,completed,8,2023
SXQ1LJPMEY9A,carajane@outlook.com,robot vacuum cleaner,electronics,1,6774.42,0,0.0,0,6774.42,08/26/2023,09:08:04,stripe,completed,8,2023
3K1EXY0ZH6UF,tiavonyan@outlook.com,blender,kitchenware,2,379.89,0,0.0,0,759.77,08/06/2023,01:18:08,stripe,completed,8,2023
GJ3HXC53EGHV,tiavonyan@outlook.com,coffee maker,home_appliances,1,3347.85,25,836.96,0,2510.89,08/06/2023,06:08:23,paypal,completed,8,2023
VGMKNO2MJFLV,tiavonyan@outlook.com,wrist wraps,sports_equipment,1,1594.16,0,0.0,0,1594.16,08/06/2023,11:13:10,stripe,completed,8,2023
4FYB60AH2Z2O,waltquinnley@icloud.com,sneaker cleaner,footwear,1,424.5,5,21.22,0,403.27,08/27/2023,01:31:51,paypal,completed,8,2023
51ZHIUDQH11O,weskara@gmail.com,nail polish set,beauty_products,1,21.96,0,0.0,9.54,31.5,08/01/2023,13:13:20,paypal,completed,8,2023
4ZDZDZJ1N223,weskara@gmail.com,grater,kitchenware,1,144.49,0,0.0,0,144.49,08/04/2023,12:57:01,stripe,completed,8,2023
JM3YWSLEES86,weskara@gmail.com,action camera,electronics,2,6202.38,10,1240.48,0,11164.29,08/27/2023,20:13:06,stripe,completed,8,2023
KHGOLMOH5M5M,weskara@gmail.com,rice cooker,home_appliances,1,3736.66,0,0.0,0,3736.66,08/06/2023,20:27:23,credit_card,completed,8,2023
8YKMODOWAZGJ,weskara@gmail.com,laptop,electronics,1,1292.24,0,0.0,0,1292.24,08/28/2023,23:42:10,paypal,completed,8,2023
QJ8X2SESMFKH,piamacrexley@gmail.com,loungewear,clothing,1,54.89,15,8.23,8.95,55.61,08/04/2023,05:48:22,credit_card,completed,8,2023
85X2QMG3S06W,quinndiisla@icloud.com,educational toys,toys,1,77.31,5,3.87,0,73.45,08/29/2023,02:17:34,credit_card,completed,8,2023
ONLRNBI1UE26,quinndiisla@icloud.com,play kitchen accessories,toys,1,140.01,5,7.0,0,133.01,08/11/2023,10:11:57,credit_card,completed,8,2023
2VLLGVVSUOCB,quinndiisla@icloud.com,VR headset,electronics,5,2669.4,0,0.0,0,13347.0,08/22/2023,01:13:43,stripe,completed,8,2023
KIZVZSEZ5JYU,quinndiisla@icloud.com,storage ottoman,furniture,1,8118.84,0,0.0,0,8118.84,08/08/2023,21:23:07,paypal,completed,8,2023
QBIJQLHADNI7,quinndiisla@icloud.com,toy storage bins,toys,2,14.7,0,0.0,5.51,34.9,08/07/2023,04:29:28,paypal,completed,8,2023
SZTD4304XJ0W,quinndiisla@icloud.com,biography,books,1,87.13,10,8.71,0,78.42,08/17/2023,16:57:54,paypal,completed,8,2023
M75H2G5LEONW,leojenson@gmail.com,pet nail clippers,pet_supplies,4,71.84,0,0.0,0,287.35,08/17/2023,03:19:51,paypal,completed,8,2023
6RBPJV3P182K,leojenson@gmail.com,4K TV,electronics,1,2499.04,5,124.95,0,2374.09,08/06/2023,23:43:38,paypal,completed,8,2023
9Z0QIMY4NGY8,leojenson@gmail.com,t-shirt,clothing,1,570.59,0,0.0,0,570.59,08/02/2023,12:36:59,paypal,completed,8,2023
38I24A4XRL5X,viaoxan@gmail.com,elliptical machine,sports_equipment,2,1536.28,0,0.0,0,3072.57,08/15/2023,01:43:15,paypal,completed,8,2023
EOHL8T8GQUU3,viaoxan@gmail.com,bookshelf organizers,books,1,38.66,0,0.0,13.75,52.41,08/11/2023,19:07:40,paypal,completed,8,2023
PT36WUNQHV1I,viaoxan@gmail.com,suit,clothing,1,181.13,0,0.0,0,181.13,08/16/2023,11:37:06,paypal,completed,8,2023
C2KYRNFVCH2J,viaoxan@gmail.com,science fiction novel,books,3,93.14,0,0.0,0,279.42,08/14/2023,06:49:19,paypal,completed,8,2023
HHE45F6IIPGY,viaoxan@gmail.com,dehumidifier filters,home_appliances,1,2489.67,15,373.45,0,2116.22,08/04/2023,07:19:01,stripe,completed,8,2023
7KFP5M63PHWH,lukeisla@yahoo.com,treadmill,sports_equipment,1,5157.37,0,0.0,0,5157.37,08/31/2023,13:47:04,stripe,completed,8,2023
SOGFPAORY5R8,lukeisla@yahoo.com,dress,clothing,1,532.84,5,26.64,0,506.2,08/05/2023,02:27:06,credit_card,completed,8,2023
SLIIYY9XKPAG,lukeisla@yahoo.com,shower gel,beauty_products,1,142.97,0,0.0,0,142.97,08/25/2023,17:02:00,stripe,completed,8,2023
RLBBNPO6ZSXT,lukeisla@yahoo.com,pet toys set,pet_supplies,1,314.52,0,0.0,0,314.52,08/22/2023,13:48:34,stripe,completed,8,2023
ZV0DPYEO7CJ2,lukeisla@yahoo.com,pet harness,pet_supplies,1,303.61,0,0.0,0,303.61,08/11/2023,05:41:44,stripe,completed,8,2023
6FNZFQS6WVTG,lukeisla@yahoo.com,flip flops,footwear,1,178.26,25,44.56,0,133.69,08/08/2023,17:51:30,stripe,completed,8,2023
FPP3R10HM5OF,lukeisla@yahoo.com,makeup set,beauty_products,1,186.57,0,0.0,0,186.57,08/15/2023,06:39:50,stripe,completed,8,2023
NFIJZH8F4OU5,lukeisla@yahoo.com,gaming chair,furniture,4,8509.62,10,3403.85,0,30634.63,08/30/2023,12:43:35,stripe,completed,8,2023
IOZTJ53NVNO1,lukeisla@yahoo.com,microwave oven,home_appliances,1,3444.66,0,0.0,0,3444.66,08/25/2023,22:13:28,credit_card,completed,8,2023
58R8LK59IQML,calmcabe@hotmail.com,comic book,books,1,92.04,0,0.0,0,92.04,08/01/2023,05:33:24,credit_card,completed,8,2023
8D7AW1L58G5O,kaialfay@gmail.com,mixing bowls,kitchenware,5,119.96,0,0.0,0,599.8,08/05/2023,16:06:07,stripe,completed,8,2023
5I32XIQAFDYA,ivytroy1@yahoo.com,board game storage,toys,1,38.54,0,0.0,0,38.54,08/02/2023,03:55:22,stripe,completed,8,2023
K96DS7PXE34T,ivytroy1@yahoo.com,sneakers,footwear,1,98.7,15,14.81,0,83.9,08/08/2023,16:29:52,paypal,completed,8,2023
HA1U1T97L236,ivytroy1@yahoo.com,rice cooker parts,home_appliances,1,681.37,0,0.0,0,681.37,08/26/2023,07:27:28,stripe,completed,8,2023
86L8TW2FHV40,ikemachalley@gmail.com,blender accessories,home_appliances,1,1954.14,0,0.0,0,1954.14,08/08/2023,05:09:56,credit_card,completed,8,2023
1385QC3FLFXC,ikemachalley@gmail.com,gaming mouse,electronics,1,3122.01,0,0.0,0,3122.01,08/29/2023,01:33:04,credit_card,completed,8,2023
LSFCS5CD1YXH,ikemachalley@gmail.com,fantasy novel,books,1,66.38,20,13.28,0,53.1,08/25/2023,10:41:58,credit_card,completed,8,2023
XFG96WXLI878,ikemachalley@gmail.com,tennis racket,sports_equipment,1,696.59,25,174.15,0,522.44,08/03/2023,19:44:40,credit_card,completed,8,2023
EOWVFQQVH84V,ikemachalley@gmail.com,pet toothbrush,pet_supplies,1,76.69,0,0.0,0,76.69,08/13/2023,02:33:33,paypal,completed,8,2023
M8SWUA048JX0,ikemachalley@gmail.com,remote control drone,toys,4,179.57,0,0.0,0,718.28,08/20/2023,09:14:34,credit_card,completed,8,2023
3ESELN0SDAOP,ikemachalley@gmail.com,pet crate accessories,pet_supplies,1,61.24,0,0.0,0,61.24,08/10/2023,07:20:10,stripe,completed,8,2023
A82T89NVHGTH,milajakeley@outlook.com,yoga blocks,sports_equipment,1,1879.77,0,0.0,0,1879.77,08/22/2023,16:46:14,stripe,completed,8,2023
E0DTH659BTU6,fayestnina@yahoo.com,desk organizers,furniture,1,1740.65,15,261.1,0,1479.55,08/03/2023,20:54:31,credit_card,completed,8,2023
R8EVBBEAQMX9,fayestnina@yahoo.com,dining chairs,furniture,1,2671.01,10,267.1,0,2403.91,08/26/2023,23:21:42,stripe,completed,8,2023
2AYB24FLJS5B,miaelquinn@icloud.com,dehumidifier,home_appliances,1,3409.25,0,0.0,0,3409.25,08/04/2023,10:37:36,stripe,completed,8,2023
ML0O8TRBWITK,olaalquosen@hotmail.com,skirt,clothing,1,61.49,0,0.0,0,61.49,08/16/2023,00:18:05,paypal,completed,8,2023
RCM967PSFBVP,willaleli@outlook.com,sandals,footwear,1,951.63,25,237.91,0,713.72,08/08/2023,09:24:02,credit_card,completed,8,2023
4JNGRHE26HON,willaleli@outlook.com,pet toys,pet_supplies,1,194.92,0,0.0,0,194.92,08/18/2023,23:04:18,stripe,completed,8,2023
V07VTQND8805,willaleli@outlook.com,trampoline,toys,1,338.37,0,0.0,0,338.37,08/16/2023,11:32:09,credit_card,completed,8,2023
F9SDMQD8QX9A,willaleli@outlook.com,art book,books,1,90.09,0,0.0,0,90.09,08/18/2023,18:26:32,stripe,completed,8,2023
0VZX7BJJK4N0,zeddylan@aol.com,food processor parts,home_appliances,5,1297.62,0,0.0,0,6488.08,08/16/2023,08:13:01,stripe,completed,8,2023
BYTELRT1Q37Y,zeddylan@aol.com,garden bench,furniture,1,4958.16,0,0.0,0,4958.16,08/11/2023,16:55:47,credit_card,completed,8,2023
K8KD5YD5GVQ4,hoaxia@gmail.com,wedge sandals,footwear,1,761.53,0,0.0,0,761.53,08/18/2023,14:11:43,paypal,completed,8,2023
4YSUL7OECAJ2,hoaxia@gmail.com,underwear,clothing,4,290.34,0,0.0,0,1161.35,08/03/2023,12:00:19,paypal,completed,8,2023
YDHVE1ZBDR98,hoaxia@gmail.com,slippers,footwear,1,488.87,0,0.0,0,488.87,08/16/2023,19:28:12,paypal,completed,8,2023
4TBOH3W82WYV,vinceelpax@yahoo.com,shoe care kit,footwear,3,96.88,15,43.6,0,247.06,08/07/2023,14:42:13,credit_card,completed,8,2023
24E3JH4DAM61,vinceelpax@yahoo.com,skirt,clothing,1,61.4,5,3.07,0,58.33,08/10/2023,15:47:31,stripe,completed,8,2023
2X6AUEFUAKLD,vinceelpax@yahoo.com,sofa,furniture,1,9238.91,0,0.0,0,9238.91,08/14/2023,04:19:09,stripe,completed,8,2023
LHSFMPYRDIID,vinceelpax@yahoo.com,measuring spoons,kitchenware,1,309.19,25,77.3,0,231.89,08/04/2023,11:36:57,stripe,completed,8,2023
76101UDGW9UP,vinceelpax@yahoo.com,ankle weights,sports_equipment,2,1975.61,0,0.0,0,3951.23,08/28/2023,03:33:33,paypal,completed,8,2023
XTCPXU08EOPS,yarahal@gmail.com,textbook,books,2,110.0,0,0.0,0,220.0,08/27/2023,12:11:23,stripe,completed,8,2023
BRKEATLBN8ZG,yarahal@gmail.com,curling iron,beauty_products,1,27.06,0,0.0,0,27.06,08/29/2023,15:44:15,stripe,completed,8,2023
L6DUO1YLY6B9,yarahal@gmail.com,mattress protector,furniture,1,1218.99,10,121.9,0,1097.09,08/31/2023,02:50:31,paypal,completed,8,2023
IIPJIHSW5LNZ,yarahal@gmail.com,activewear set,clothing,1,177.69,0,0.0,0,177.69,08/25/2023,06:31:50,paypal,completed,8,2023
SH10A6TK7EVA,yarahal@gmail.com,home security system,electronics,1,3799.84,0,0.0,0,3799.84,08/22/2023,04:25:54,paypal,completed,8,2023
0AR4MI8FG2GP,yarahal@gmail.com,stuffed animals,toys,5,309.3,0,0.0,0,1546.5,08/03/2023,06:29:31,paypal,completed,8,2023
RANKM0BKL3F7,yarahal@gmail.com,action figure storage,toys,1,44.64,0,0.0,12.57,57.21,08/30/2023,01:39:52,credit_card,completed,8,2023
XNZKAUH0IY9H,yarahal@gmail.com,hair ties,beauty_products,2,98.77,15,29.63,0,167.92,08/12/2023,19:15:26,stripe,completed,8,2023
XFULUSLUNQOF,yarahal@gmail.com,rowing machine,sports_equipment,1,4152.39,0,0.0,0,4152.39,08/31/2023,07:57:04,stripe,completed,8,2023
7UB12AL7V85D,yarahal@gmail.com,dress shirt,clothing,1,557.66,0,0.0,0,557.66,08/01/2023,04:23:46,credit_card,completed,8,2023
9X6M60ZHA06M,udomacxia@gmail.com,recliner,furniture,1,8107.21,0,0.0,0,8107.21,08/11/2023,21:54:39,paypal,completed,8,2023
XSCCE061SSOY,udomacxia@gmail.com,sweatshirt,clothing,4,137.3,0,0.0,0,549.19,08/29/2023,19:40:29,credit_card,completed,8,2023
NJ5XL0YK70C8,udomacxia@gmail.com,pet scratching post,pet_supplies,1,193.26,0,0.0,0,193.26,08/31/2023,18:34:59,stripe,completed,8,2023
39L6NFAYMGEM,ambermiaton@yahoo.com,board games,toys,1,251.56,0,0.0,0,251.56,08/18/2023,12:49:49,credit_card,completed,8,2023
LB3RHCR7CVRH,ambermiaton@yahoo.com,action camera mount,electronics,1,994.28,5,49.71,0,944.56,08/20/2023,09:27:09,paypal,completed,8,2023
2PK0K5JEZQ3H,ambermiaton@yahoo.com,toaster,home_appliances,1,4123.65,0,0.0,0,4123.65,08/07/2023,11:50:08,paypal,completed,8,2023
8XR7648JANYL,ambermiaton@yahoo.com,garden bench,furniture,3,4977.74,15,2239.98,0,12693.23,08/16/2023,16:41:07,stripe,completed,8,2023
W8FI8YGAXC6P,sagefaye@outlook.com,romance novel,books,3,91.0,0,0.0,0,272.99,08/04/2023,16:53:34,paypal,completed,8,2023
8NT65IUVWNZ6,viaoxan@aol.com,pet training treats,pet_supplies,1,91.21,0,0.0,0,91.21,08/25/2023,15:13:47,credit_card,completed,8,2023
0XYXCBYIVEIG,viaoxan@aol.com,pet toothbrush,pet_supplies,1,76.63,25,19.16,0,57.47,08/17/2023,15:33:18,stripe,completed,8,2023
VALCTG5UW4IU,viaoxan@aol.com,exercise resistance bands,sports_equipment,3,845.49,20,507.29,0,2029.17,08/02/2023,08:15:21,credit_card,completed,8,2023
4EGZXMZH4MCG,pamoona@outlook.com,webcam,electronics,1,2034.71,25,508.68,0,1526.03,08/22/2023,01:43:30,credit_card,completed,8,2023
FIME0F6BWBAV,pamoona@outlook.com,romance novel,books,1,91.77,10,9.18,0,82.59,08/30/2023,22:55:42,credit_card,completed,8,2023
CSHQRVOO0N3J,pamoona@outlook.com,slow cooker parts,home_appliances,1,1144.0,25,286.0,0,858.0,08/24/2023,12:43:30,credit_card,completed,8,2023
ZWXJH5L9DOI3,pamoona@outlook.com,slotted spoon,kitchenware,1,317.27,20,63.45,0,253.82,08/17/2023,13:53:47,paypal,completed,8,2023
KCQC10YUPL2D,pamoona@outlook.com,rice cooker,kitchenware,1,782.05,0,0.0,0,782.05,08/21/2023,11:08:55,credit_card,completed,8,2023
VM7KQ1ZCYON3,elivancarason@gmail.com,suit,clothing,1,180.93,5,9.05,0,171.89,08/26/2023,15:58:37,credit_card,completed,8,2023
TRMKTF4IWGIN,elivancarason@gmail.com,mixing bowls,kitchenware,1,118.75,0,0.0,0,118.75,08/14/2023,21:03:14,credit_card,completed,8,2023
AH30WX0IPDTF,jenvonquaton@hotmail.com,desk organizers,furniture,1,1756.7,0,0.0,0,1756.7,08/21/2023,09:17:21,stripe,completed,8,2023
9J5WQ8653XS2,jenvonquaton@hotmail.com,blender,kitchenware,1,379.09,5,18.95,0,360.14,08/09/2023,08:53:36,paypal,completed,8,2023
ILTHUFYNXWNV,jenvonquaton@hotmail.com,poetry collection,books,1,89.73,5,4.49,0,85.25,08/27/2023,07:18:17,paypal,completed,8,2023
QZS6APGL36NR,alexlasly@outlook.com,vacuum cleaner,home_appliances,1,5258.93,0,0.0,0,5258.93,08/21/2023,02:52:02,credit_card,completed,8,2023
BJGRPOWBRK25,ulakara@hotmail.com,book display stand,books,1,78.45,0,0.0,0,78.45,08/03/2023,11:46:12,stripe,completed,8,2023
EFQHZ9GFMHXZ,ulakara@hotmail.com,mixing bowls,kitchenware,1,118.45,0,0.0,0,118.45,08/16/2023,06:53:24,paypal,completed,8,2023
3C7TOAWROVT1,wynvonbella@gmail.com,cast iron skillet,kitchenware,1,91.82,0,0.0,0,91.82,08/21/2023,12:59:58,paypal,completed,8,2023
RT4HM1L5PLH5,ziaalbob@gmail.com,bookshelf organizers,furniture,5,3635.79,0,0.0,0,18178.96,08/07/2023,02:00:54,paypal,completed,8,2023
BGDU0ZTL8O2M,ziaalbob@gmail.com,rice cooker,kitchenware,2,784.52,0,0.0,0,1569.04,08/14/2023,03:01:47,stripe,completed,8,2023
RBBT1U3R93NE,ziaquo@outlook.com,boots,footwear,1,1014.39,0,0.0,0,1014.39,08/06/2023,05:36:09,credit_card,completed,8,2023
0J5FG0MTIHG0,rexalada@gmail.com,socks,clothing,1,139.16,0,0.0,0,139.16,08/08/2023,13:53:14,paypal,completed,8,2023
5DR5P1KAIBTE,ritasaintcharlieson@protonmail.com,sneaker cleaner,footwear,1,421.51,0,0.0,0,421.51,08/31/2023,12:20:49,paypal,completed,8,2023
ZF3RDLOBV5U9,rianed@outlook.com,underwear,clothing,4,287.58,5,57.52,0,1092.82,08/23/2023,04:58:57,paypal,completed,8,2023
PZ53RE93GJX5,rianed@outlook.com,sweater,clothing,1,478.46,5,23.92,0,454.54,08/28/2023,00:35:12,credit_card,completed,8,2023
KRPNNVG4SDXI,rianed@outlook.com,slow cooker,kitchenware,1,695.29,20,139.06,0,556.24,08/18/2023,22:20:53,paypal,completed,8,2023
EBVDWT3BDFLG,rianed@outlook.com,smartphone,electronics,1,330.7,0,0.0,0,330.7,08/29/2023,17:00:40,credit_card,completed,8,2023
XOG74V3E7DBO,vivonina@gmail.com,pet toothbrush,pet_supplies,1,76.82,0,0.0,0,76.82,08/23/2023,20:08:16,paypal,completed,8,2023
I1M86IVNAE6Y,vivonina@gmail.com,sports cap,sports_equipment,1,1527.4,20,305.48,0,1221.92,08/03/2023,18:01:47,credit_card,completed,8,2023
UDZZ48T69P20,fayeva@yahoo.com,bookshelf organizers,furniture,1,3616.65,25,904.16,0,2712.49,08/25/2023,02:55:21,paypal,completed,8,2023
8TOG41SC9Z2M,fayeva@yahoo.com,remote control drone,toys,1,181.31,0,0.0,0,181.31,08/18/2023,09:27:28,paypal,completed,8,2023
JPZNV4G2I3QS,fayeva@yahoo.com,gaming chair cushions,furniture,3,1780.13,0,0.0,0,5340.39,08/23/2023,13:53:44,stripe,completed,8,2023
8RFLEVY7RDL4,fayeva@yahoo.com,shaving kit,beauty_products,1,89.15,0,0.0,0,89.15,08/09/2023,07:03:41,stripe,completed,8,2023
J5Z3KSFMNQ23,ivydefaye@yahoo.com,air conditioner,home_appliances,1,3896.35,10,389.63,0,3506.71,08/16/2023,11:30:01,paypal,completed,8,2023
AJP25S6PTJXR,ivydefaye@yahoo.com,mattress protector,furniture,1,1211.71,0,0.0,0,1211.71,08/11/2023,14:19:15,paypal,completed,8,2023
TDKLFYMD9RW5,ivydefaye@yahoo.com,biography,books,1,86.81,15,13.02,0,73.79,08/06/2023,05:18:32,credit_card,completed,8,2023
HNOKFQVKKPF6,ivydefaye@yahoo.com,yoga blocks,sports_equipment,5,1866.78,10,933.39,0,8400.51,08/14/2023,18:28:19,stripe,completed,8,2023
QLN6L7NAMBP6,piayanley@gmail.com,gaming chair,furniture,1,8545.77,25,2136.44,0,6409.32,08/22/2023,00:08:14,paypal,completed,8,2023
D9DLJWTDNSV0,piayanley@gmail.com,accessories,clothing,1,252.47,20,50.49,0,201.98,08/03/2023,16:20:57,credit_card,completed,8,2023
MF95TLSC8ZRM,chrispam@hotmail.com,pet food dispenser,pet_supplies,1,187.09,25,46.77,0,140.32,08/26/2023,20:22:57,credit_card,completed,8,2023
A08O3BNN0IQB,chrispam@hotmail.com,tweezers,beauty_products,5,131.2,5,32.8,0,623.19,08/17/2023,10:34:26,paypal,completed,8,2023
7S83GQXWPUF4,chrispam@hotmail.com,pajamas,clothing,1,180.87,0,0.0,0,180.87,08/22/2023,08:52:08,stripe,completed,8,2023
DR970GJVRT8L,chrispam@hotmail.com,smart home hub,electronics,1,2049.13,0,0.0,0,2049.13,08/02/2023,11:39:00,paypal,completed,8,2023
4L3PN7JSPVPI,hugomcgraceley@outlook.com,makeup remover wipes,beauty_products,1,49.07,0,0.0,0,49.07,08/28/2023,17:14:35,paypal,completed,8,2023
37535ESM5OIN,hugomcgraceley@outlook.com,air fryer,kitchenware,1,343.72,0,0.0,0,343.72,08/16/2023,15:42:20,credit_card,completed,8,2023
KLMNLKFXPW8U,hugomcgraceley@outlook.com,VR headset,electronics,1,2679.72,5,133.99,0,2545.74,08/05/2023,18:38:15,credit_card,completed,8,2023
HY55AGE3ESOH,hugomcgraceley@outlook.com,hair clips,beauty_products,1,39.47,0,0.0,11.68,51.15,08/21/2023,05:18:03,paypal,completed,8,2023
2ZTVYAETTR6N,elislyson@icloud.com,facial cleansing brush,beauty_products,1,125.43,0,0.0,0,125.43,08/10/2023,06:35:58,stripe,completed,8,2023
2PKS0HOQBXID,elislyson@icloud.com,blazer,clothing,1,534.59,0,0.0,0,534.59,08/05/2023,05:03:36,stripe,completed,8,2023
7BXY77LYM773,elislyson@icloud.com,shoe storage,footwear,1,646.34,20,129.27,0,517.07,08/02/2023,03:40:00,stripe,completed,8,2023
2SSLHHQRMQAX,elislyson@icloud.com,remote control drone,toys,1,181.66,20,36.33,0,145.33,08/20/2023,16:11:07,stripe,completed,8,2023
T09N3FPU52YV,budmcudo@icloud.com,exercise mat,sports_equipment,1,1545.18,10,154.52,0,1390.66,08/02/2023,14:57:23,paypal,completed,8,2023
0EOZY44Z4DDM,budmcudo@icloud.com,office chair cushions,furniture,1,675.68,0,0.0,0,675.68,08/21/2023,18:54:36,paypal,completed,8,2023
1GD64VAC325P,umasainteve@outlook.com,pet dental care kit,pet_supplies,1,113.43,0,0.0,0,113.43,08/16/2023,09:38:49,paypal,completed,8,2023
79PYXRGYPNG1,waltmaxson@outlook.com,microwave oven accessories,home_appliances,2,1288.69,0,0.0,0,2577.38,08/04/2023,16:53:35,paypal,completed,8,2023
N7PUU350Q6U9,waltmaxson@outlook.com,arts and crafts kits,toys,1,328.8,0,0.0,0,328.8,08/31/2023,12:53:39,credit_card,completed,8,2023
3OF40D7J8TGA,faypia@outlook.com,oven,home_appliances,1,4595.22,0,0.0,0,4595.22,08/19/2023,21:10:48,paypal,completed,8,2023
VZXA0859WG0K,yaselluna@hotmail.com,slow cooker parts,home_appliances,1,1144.2,0,0.0,0,1144.2,08/05/2023,22:14:01,stripe,completed,8,2023
7V5LB389HZVH,elisaintholly@gmail.com,ballet flats,footwear,1,687.25,0,0.0,0,687.25,08/29/2023,10:44:36,paypal,completed,8,2023
G66KNL2LZWQZ,elisaintholly@gmail.com,jeans,clothing,4,411.95,0,0.0,0,1647.8,08/30/2023,21:30:02,stripe,completed,8,2023
E86Q8TY4BWRO,elisaintholly@gmail.com,pet shampoo,pet_supplies,1,192.68,0,0.0,0,192.68,08/02/2023,23:01:56,stripe,completed,8,2023
87G923B92VWL,elisaintholly@gmail.com,waterproof spray,footwear,4,308.48,0,0.0,0,1233.9,08/08/2023,07:54:17,stripe,completed,8,2023
9TCWGV3XGQXO,xanmcivy@outlook.com,microwave oven,home_appliances,1,3400.97,0,0.0,0,3400.97,08/14/2023,07:19:23,paypal,completed,8,2023
N7L2E4YGVAF8,xanmcivy@outlook.com,skirt,clothing,1,61.04,0,0.0,0,61.04,08/12/2023,03:42:20,paypal,completed,8,2023
INEHKXDA85CK,xiaalsly@outlook.com,lego storage,toys,1,258.96,10,25.9,0,233.06,08/16/2023,13:07:34,stripe,completed,8,2023
V1WHRCQON0FD,xiaalsly@outlook.com,water heater,home_appliances,1,1287.51,5,64.38,0,1223.14,08/10/2023,07:40:37,credit_card,completed,8,2023
TO47WBXQ47Y9,xiaalsly@outlook.com,boxing gloves,sports_equipment,1,1355.33,0,0.0,0,1355.33,08/08/2023,00:57:13,credit_card,completed,8,2023
GTVI6TEYOJY9,jayleike@protonmail.com,sports watch,sports_equipment,1,396.16,0,0.0,0,396.16,08/31/2023,12:00:37,credit_card,completed,8,2023
W40M3JHW66LM,jayleike@protonmail.com,beard grooming kit,beauty_products,1,165.98,0,0.0,0,165.98,08/07/2023,03:25:44,paypal,completed,8,2023
QNCO4LACDYHE,jayleike@protonmail.com,cutting board set,kitchenware,1,561.87,10,56.19,0,505.69,08/20/2023,14:49:17,stripe,completed,8,2023
MFR9XNV6YC7N,troydeevan@outlook.com,makeup sponge,beauty_products,1,100.26,0,0.0,0,100.26,08/20/2023,15:32:06,credit_card,completed,8,2023
TM2QW2ZCU5F0,troydeevan@outlook.com,textbook,books,2,110.71,0,0.0,0,221.42,08/07/2023,12:39:04,credit_card,completed,8,2023
Z9M8IGDUQ95R,troydeevan@outlook.com,fitness tracker,electronics,5,7528.5,0,0.0,0,37642.52,08/10/2023,05:21:33,stripe,completed,8,2023
MSC6I5KF12DD,troydeevan@outlook.com,smart home hub,electronics,1,2045.9,0,0.0,0,2045.9,08/10/2023,07:52:47,credit_card,completed,8,2023
8YC77VG2NGRE,kylemcgia@outlook.com,toy storage bins,toys,1,14.58,0,0.0,0,14.58,08/28/2023,11:12:13,stripe,completed,8,2023
QODEAEOXEZPD,kylemcgia@outlook.com,shoehorn,footwear,2,420.04,0,0.0,0,840.08,08/01/2023,09:42:34,stripe,completed,8,2023
JY2RH2OVHWXL,kylemcgia@outlook.com,heel grips,footwear,1,194.44,15,29.17,0,165.27,08/31/2023,23:04:32,paypal,completed,8,2023
AE4DC8MPVO8W,halcharlie@outlook.com,slippers,beauty_products,1,226.47,0,0.0,0,226.47,08/21/2023,04:42:50,paypal,completed,8,2023
PVISLUWJ3TGC,riadee@gmail.com,ankle boots,footwear,3,1169.61,0,0.0,0,3508.83,08/16/2023,07:56:54,credit_card,completed,8,2023
DZYUOOXLG19M,ninaalmax@gmail.com,pet waste bags,pet_supplies,1,189.21,25,47.3,0,141.91,08/09/2023,14:09:47,credit_card,completed,8,2023
EILYB5PRXP75,ninaalmax@gmail.com,sports sunglasses,sports_equipment,1,642.13,0,0.0,0,642.13,08/12/2023,23:06:49,paypal,completed,8,2023
Z7VWDN256YX4,johnvanlara@gmail.com,accessories,clothing,1,251.12,25,62.78,0,188.34,08/17/2023,21:44:28,credit_card,completed,8,2023
QC833QB1W8X2,johnvanlara@gmail.com,pet toothbrush,pet_supplies,1,77.22,0,0.0,0,77.22,08/23/2023,16:06:20,stripe,completed,8,2023
7AOH6TS2F5U3,johnvanlara@gmail.com,slippers,footwear,1,482.42,0,0.0,0,482.42,08/21/2023,18:18:19,paypal,completed,8,2023
WAFZ9S9LVCE5,wendybudson@outlook.com,slow cooker,home_appliances,1,1995.8,0,0.0,0,1995.8,08/04/2023,10:07:14,stripe,completed,8,2023
187R2ZJOO6LL,wendybudson@outlook.com,book covers,books,2,56.75,0,0.0,0,113.49,08/18/2023,13:07:47,paypal,completed,8,2023
1TF0ER5BYZ8R,wendybudson@outlook.com,mattress protector,furniture,1,1208.02,15,181.2,0,1026.81,08/03/2023,16:33:56,credit_card,completed,8,2023
LM936IO0XEFY,wendybudson@outlook.com,suit,clothing,1,180.81,0,0.0,0,180.81,08/09/2023,08:33:55,paypal,completed,8,2023
T5CC6F0URVCJ,wendybudson@outlook.com,spatula,kitchenware,5,20.46,0,0.0,0,102.29,08/06/2023,08:09:27,stripe,completed,8,2023
O2VGA544ES7L,wendybudson@outlook.com,pet first aid kit,pet_supplies,1,304.66,0,0.0,0,304.66,08/14/2023,02:33:08,paypal,completed,8,2023
L14F99P21B2O,saralaxan@yahoo.com,kitchen towels,kitchenware,1,252.71,10,25.27,0,227.44,08/04/2023,02:16:22,stripe,completed,8,2023
3PZCN8ZYTQ52,saralaxan@yahoo.com,gaming chair,furniture,1,8486.33,0,0.0,0,8486.33,08/05/2023,09:45:33,credit_card,completed,8,2023
XNV86CDX738V,orasaintfinnson@yahoo.com,laptop stand,electronics,1,3143.92,0,0.0,0,3143.92,08/27/2023,00:07:00,credit_card,completed,8,2023
35FX1FLWQHMV,zackwyn@hotmail.com,exercise bike,sports_equipment,1,2149.42,0,0.0,0,2149.42,08/24/2023,09:01:00,paypal,completed,8,2023
LWGHGTOQ3SXM,zackwyn@hotmail.com,stuffed animal storage,toys,3,25.72,25,19.29,0,57.87,08/07/2023,03:54:02,stripe,completed,8,2023
WK89V8RM0YHW,zackwyn@hotmail.com,bookmarks,books,1,83.44,0,0.0,0,83.44,08/14/2023,03:11:24,paypal,completed,8,2023
TE6V3YQV16XS,zackwyn@hotmail.com,rice cooker,kitchenware,1,782.21,10,78.22,0,703.99,08/26/2023,07:16:21,stripe,completed,8,2023
PMHE88H1ODOK,bobdekialey@yahoo.com,keyboard,electronics,1,2202.07,0,0.0,0,2202.07,08/02/2023,15:57:55,stripe,completed,8,2023
FVS36XUJSTJ5,caldetaj@gmail.com,sports headband,sports_equipment,1,1025.63,0,0.0,0,1025.63,08/29/2023,23:26:24,stripe,completed,8,2023
2N4491HYXMX0,caldetaj@gmail.com,pet waste bags,pet_supplies,1,187.97,15,28.2,0,159.77,08/01/2023,22:15:26,stripe,completed,8,2023
C1CK1U83BCOQ,eliowyn@outlook.com,blender accessories,home_appliances,1,1972.59,10,197.26,0,1775.33,08/05/2023,19:59:10,paypal,completed,8,2023
JPP2TEF94OFH,eliowyn@outlook.com,spatula,kitchenware,1,20.37,20,4.07,8.92,25.21,08/27/2023,15:07:12,credit_card,completed,8,2023
J0FVF0BZ6NR9,eliowyn@outlook.com,boots,footwear,4,1022.9,25,1022.9,0,3068.69,08/23/2023,03:17:09,stripe,completed,8,2023
J4S16LSXY30J,eliowyn@outlook.com,book display stand,books,1,78.2,20,15.64,0,62.56,08/26/2023,18:29:09,credit_card,completed,8,2023
0550LHX7JQDD,eliowyn@outlook.com,non-stick cookware,kitchenware,3,362.52,0,0.0,0,1087.57,08/20/2023,00:00:38,credit_card,completed,8,2023
PW1AHAKZWYGY,bobstbobley@outlook.com,self-help book,books,1,134.66,0,0.0,0,134.66,08/11/2023,18:43:12,credit_card,completed,8,2023
KR5TZPKFM26X,bobstbobley@outlook.com,air purifier filters,home_appliances,1,1789.07,0,0.0,0,1789.07,08/15/2023,07:49:49,credit_card,completed,8,2023
5MJGSCACM0DB,bobstbobley@outlook.com,humidifier,home_appliances,1,2051.07,0,0.0,0,2051.07,08/21/2023,17:49:59,credit_card,completed,8,2023
RZR2KC1ANY8T,bobstbobley@outlook.com,microwave oven,home_appliances,1,3449.34,0,0.0,0,3449.34,08/02/2023,10:17:17,credit_card,completed,8,2023
A7H4ZIOJW05I,bobstbobley@outlook.com,sneaker cleaner,footwear,1,425.76,0,0.0,0,425.76,08/15/2023,14:00:20,credit_card,completed,8,2023
LI7EAZ2MON55,bobstbobley@outlook.com,kitchen scale,kitchenware,1,279.08,15,41.86,0,237.22,08/05/2023,08:13:49,credit_card,completed,8,2023
V1473HFQWRO5,janeyan@gmail.com,sneakers,footwear,1,99.72,10,9.97,0,89.75,08/25/2023,22:45:11,paypal,completed,8,2023
TVPI43XILLCQ,janeyan@gmail.com,wedge sandals,footwear,1,750.77,0,0.0,0,750.77,08/20/2023,06:08:03,paypal,completed,8,2023
8KTTCBIHYMOF,karadeola@gmail.com,thriller novel,books,1,55.2,15,8.28,9.25,56.17,08/14/2023,10:04:54,stripe,completed,8,2023
2NVCWSYQCC8D,karadeola@gmail.com,photography book,books,4,18.44,0,0.0,0,73.76,08/09/2023,22:13:12,stripe,completed,8,2023
VMNVX408C5TL,karadeola@gmail.com,fantasy novel,books,1,65.49,0,0.0,0,65.49,08/06/2023,19:49:09,paypal,completed,8,2023
V3ML9XF3MXDI,jakelaquinn@protonmail.com,educational toy storage,toys,1,28.65,0,0.0,6.42,35.07,08/17/2023,08:15:24,credit_card,completed,8,2023
3Q81K82ONPD7,wanowen@protonmail.com,makeup remover wipes,beauty_products,1,49.1,0,0.0,0,49.1,08/07/2023,05:25:58,paypal,completed,8,2023
1ZSXJ5PGPK2M,wanowen@protonmail.com,water heater parts,home_appliances,1,993.61,0,0.0,0,993.61,08/30/2023,04:45:33,paypal,completed,8,2023
F9BNUQS2XP2E,wanowen@protonmail.com,pet feeding mat,pet_supplies,1,144.33,0,0.0,0,144.33,08/01/2023,17:06:14,paypal,completed,8,2023
B9QW52UT16J5,wanowen@protonmail.com,blazer,clothing,1,531.74,0,0.0,0,531.74,08/16/2023,05:27:17,stripe,completed,8,2023
ZU8MRF12ENE4,abeoalex@gmail.com,smart lock,electronics,1,206.29,0,0.0,0,206.29,08/26/2023,05:19:02,paypal,completed,8,2023
FG8N0Y5DFRW1,abeoalex@gmail.com,pet waste bags,pet_supplies,1,187.21,20,37.44,0,149.77,08/02/2023,01:06:14,stripe,completed,8,2023
AC1CSXQMT7AZ,abeoalex@gmail.com,hair accessories set,beauty_products,1,109.01,0,0.0,0,109.01,08/28/2023,06:48:45,paypal,completed,8,2023
6AK5T5AZSRXS,abeoalex@gmail.com,casual shoes,footwear,1,94.17,0,0.0,0,94.17,08/29/2023,14:32:17,paypal,completed,8,2023
QCSNSU8XXP2M,weselnate@aol.com,play kitchen,toys,1,208.8,0,0.0,0,208.8,08/22/2023,10:04:32,paypal,completed,8,2023
2HRRAX8914N3,ryanstalex@outlook.com,suit,clothing,1,181.8,0,0.0,0,181.8,08/03/2023,13:41:48,paypal,completed,8,2023
X8U3IC87KBJ1,janeorex@outlook.com,barbell set,sports_equipment,1,496.6,25,124.15,0,372.45,08/10/2023,21:36:26,stripe,completed,8,2023
2PW7MYB890JD,oliviafinn@yahoo.com,remote control drone,toys,1,182.33,0,0.0,0,182.33,08/12/2023,13:46:11,credit_card,completed,8,2023
3HTSQCYOHY4I,oliviafinn@yahoo.com,desk,furniture,1,9114.55,0,0.0,0,9114.55,08/02/2023,05:08:07,stripe,completed,8,2023
TJ0V4XC2Y7ST,oliviafinn@yahoo.com,arch support,footwear,1,599.89,0,0.0,0,599.89,08/26/2023,11:02:24,credit_card,completed,8,2023
4ZO9KACEILPX,ulaliamsen@gmail.com,pet training pads,pet_supplies,1,207.99,0,0.0,0,207.99,08/17/2023,05:15:58,credit_card,completed,8,2023
VAAINURJDQ6I,ulaliamsen@gmail.com,art book,books,1,89.47,0,0.0,0,89.47,08/03/2023,02:30:15,stripe,completed,8,2023
MLRTRUXOEUH8,fayxander@gmail.com,humidifier,home_appliances,1,2059.73,0,0.0,0,2059.73,08/06/2023,09:09:46,stripe,completed,8,2023
0YIEY4VGI6D4,fayxander@gmail.com,desk organizers,furniture,1,1751.32,0,0.0,0,1751.32,08/14/2023,11:58:14,stripe,completed,8,2023
WFDON7ML8ORL,fayxander@gmail.com,leather jacket,clothing,1,101.59,20,20.32,0,81.27,08/24/2023,22:28:04,paypal,completed,8,2023
DEJTMUD23T9W,fayxander@gmail.com,tablet case,electronics,1,2180.62,0,0.0,0,2180.62,08/05/2023,10:48:03,credit_card,completed,8,2023
W3O159VC4QJH,fayxander@gmail.com,remote control toy storage,toys,1,23.87,25,5.97,9.34,27.24,08/25/2023,11:50:06,stripe,completed,8,2023
W5EXIOZ3HPKN,fayxander@gmail.com,espresso machine,kitchenware,1,550.8,0,0.0,0,550.8,08/20/2023,12:08:59,stripe,completed,8,2023
3UQQM6VYO5QM,oonastudoton@gmail.com,USB flash drive,electronics,1,1972.69,0,0.0,0,1972.69,08/05/2023,01:32:40,paypal,completed,8,2023
D424JTWC73VV,oonastudoton@gmail.com,musical instruments for kids,toys,2,68.58,0,0.0,0,137.15,08/11/2023,21:23:28,stripe,completed,8,2023
QPNNY0PP6FF8,oonastudoton@gmail.com,dehumidifier,home_appliances,1,3389.55,20,677.91,0,2711.64,08/02/2023,16:27:46,paypal,completed,8,2023
7DKK677KITUK,oonastudoton@gmail.com,electric kettle,home_appliances,1,2576.87,0,0.0,0,2576.87,08/19/2023,18:10:24,paypal,completed,8,2023
3H9YF082NQV5,oonastudoton@gmail.com,jeans,clothing,1,411.48,10,41.15,0,370.33,08/11/2023,02:18:21,paypal,completed,8,2023
5G1PV7BP9M7G,oonastudoton@gmail.com,nail polish set,beauty_products,1,22.08,0,0.0,8.49,30.57,08/10/2023,06:31:17,paypal,completed,8,2023
FHS64MFDWITM,oonastudoton@gmail.com,cookbook,books,1,132.22,0,0.0,0,132.22,08/13/2023,17:07:16,credit_card,completed,8,2023
1D8A02SSINWQ,oonastudoton@gmail.com,water heater parts,home_appliances,1,990.8,0,0.0,0,990.8,08/30/2023,00:48:07,stripe,completed,8,2023
W9X568TNSMEW,oonastudoton@gmail.com,whisk,kitchenware,1,154.73,0,0.0,0,154.73,08/10/2023,18:27:51,paypal,completed,8,2023
S7BO79YANMB8,oonastudoton@gmail.com,shoehorn,footwear,5,423.78,5,105.94,0,2012.94,08/05/2023,21:39:42,stripe,completed,8,2023
ET16RUGWSUXY,elisaintnia@outlook.com,loafers,footwear,1,580.79,10,58.08,0,522.71,08/28/2023,20:35:26,paypal,completed,8,2023
T5KDNISDZAW5,budsaintsara@protonmail.com,phone case,electronics,4,3071.01,10,1228.4,0,11055.64,08/02/2023,14:15:58,credit_card,completed,8,2023
PT1O2YGQ9JOW,budsaintsara@protonmail.com,bath bombs,beauty_products,1,152.34,0,0.0,0,152.34,08/15/2023,14:17:55,paypal,completed,8,2023
7XBUN1KYBJ2J,budsaintsara@protonmail.com,colander,kitchenware,1,323.76,0,0.0,0,323.76,08/29/2023,01:41:34,paypal,completed,8,2023
LO9KXZVSLZ52,budsaintsara@protonmail.com,wardrobe organizers,furniture,1,2241.17,0,0.0,0,2241.17,08/22/2023,17:40:55,stripe,completed,8,2023
QVT51IVJ7KCA,budsaintsara@protonmail.com,book display stand,books,5,78.41,0,0.0,0,392.06,08/29/2023,02:07:00,stripe,completed,8,2023
1N0TMJ9PHIEI,veraeljayton@yahoo.com,ballet flats,footwear,1,691.71,0,0.0,0,691.71,08/11/2023,18:12:43,credit_card,completed,8,2023
1DAIH7E2DKIM,veraeljayton@yahoo.com,pet feeding mat,pet_supplies,1,143.94,0,0.0,0,143.94,08/27/2023,17:33:44,paypal,completed,8,2023
51T8WIGBB5R7,zacklaquo@yahoo.com,lego storage,toys,3,260.24,0,0.0,0,780.73,08/10/2023,16:04:36,stripe,completed,8,2023
64LX5416JBIE,zacklaquo@yahoo.com,toy boxes,toys,1,108.34,20,21.67,0,86.67,08/31/2023,15:35:35,paypal,completed,8,2023
FOFWA2ZSD9ST,zacklaquo@yahoo.com,recliner accessories,furniture,1,1845.82,0,0.0,0,1845.82,08/16/2023,14:05:33,stripe,completed,8,2023
BQ9B8B4DECXE,zacklaquo@yahoo.com,smartphone,electronics,1,332.71,5,16.64,0,316.07,08/12/2023,03:02:56,paypal,completed,8,2023
STPOYRFGODNE,johnmceli@yahoo.com,pet training pads,pet_supplies,1,206.06,0,0.0,0,206.06,08/04/2023,10:05:17,paypal,completed,8,2023
ZI3TVL0YS5C5,johnmceli@yahoo.com,waterproof spray,footwear,5,306.38,15,229.79,0,1302.13,08/02/2023,23:30:21,credit_card,completed,8,2023
BIZ3TDMPOTQO,johnmceli@yahoo.com,slotted spoon,kitchenware,3,314.17,0,0.0,0,942.51,08/26/2023,18:30:20,credit_card,completed,8,2023
QUW678Y5OCS6,johnmceli@yahoo.com,electric kettle,home_appliances,1,2598.07,0,0.0,0,2598.07,08/19/2023,11:43:47,stripe,completed,8,2023
DXJM27WHOBXA,johnmceli@yahoo.com,microwave oven accessories,home_appliances,1,1294.0,0,0.0,0,1294.0,08/05/2023,00:52:23,stripe,completed,8,2023
U4OAZND9DKT7,jenalpam@gmail.com,colander,kitchenware,1,320.55,25,80.14,0,240.41,08/26/2023,07:57:04,paypal,completed,8,2023
FA46WXYHCRX4,jenalpam@gmail.com,skirt,clothing,1,61.63,0,0.0,0,61.63,08/26/2023,02:20:40,stripe,completed,8,2023
8VMA2YM54IWL,jenalpam@gmail.com,pet collar,pet_supplies,1,65.03,0,0.0,0,65.03,08/31/2023,08:38:12,stripe,completed,8,2023
RP0VGFJ04PTL,gabevanmoe@hotmail.com,tennis racket,sports_equipment,1,698.28,0,0.0,0,698.28,08/04/2023,11:35:54,stripe,completed,8,2023
39ITH3KKPON2,gabevanmoe@hotmail.com,lego set,toys,1,166.82,20,33.36,0,133.45,08/07/2023,00:33:41,paypal,completed,8,2023
4R34A2OWNM5Y,jakediowen@outlook.com,boots,footwear,1,1015.97,5,50.8,0,965.17,08/12/2023,23:42:18,credit_card,completed,8,2023
QZX5B3E5C0JF,jakediowen@outlook.com,sports sunglasses,sports_equipment,1,646.41,0,0.0,0,646.41,08/18/2023,03:53:29,stripe,completed,8,2023
K1UWN2CPUC2W,jakediowen@outlook.com,children's book,books,1,40.57,5,2.03,7.26,45.8,08/01/2023,01:21:46,stripe,completed,8,2023
53QP93HRYE8K,jakediowen@outlook.com,measuring cups,kitchenware,1,206.38,15,30.96,0,175.42,08/23/2023,05:17:23,stripe,completed,8,2023
A8ABGB68OWGB,jakediowen@outlook.com,smart light bulb,electronics,1,3177.36,20,635.47,0,2541.88,08/09/2023,00:12:42,paypal,completed,8,2023
AOV98B21DS4A,elielwendyley@outlook.com,toy boxes,toys,1,108.08,10,10.81,0,97.28,08/05/2023,21:51:59,paypal,completed,8,2023
ZIW5INLDM97I,elielwendyley@outlook.com,peeler,kitchenware,1,396.69,15,59.5,0,337.19,08/05/2023,00:18:27,credit_card,completed,8,2023
UYYKYMRG05XG,elielwendyley@outlook.com,wardrobe,furniture,1,2878.02,0,0.0,0,2878.02,08/06/2023,23:48:46,stripe,completed,8,2023
FKIRE3UDRY7V,elielwendyley@outlook.com,office chair,furniture,1,8308.8,0,0.0,0,8308.8,08/13/2023,08:15:53,paypal,completed,8,2023
NWRAJ7TJH5SN,kylealhoa@yahoo.com,suit,clothing,1,181.05,0,0.0,0,181.05,08/01/2023,14:31:34,paypal,completed,8,2023
0M4AIRMVZN6T,kylealhoa@yahoo.com,dining table accessories,furniture,1,1933.26,25,483.32,0,1449.95,08/28/2023,16:36:07,credit_card,completed,8,2023
1J9C7D2TUTC2,kylealhoa@yahoo.com,pressure cooker,kitchenware,1,419.43,0,0.0,0,419.43,08/16/2023,21:14:40,stripe,completed,8,2023
6CF2ATUYXGBW,kylealhoa@yahoo.com,book display stand,books,1,78.12,0,0.0,0,78.12,08/12/2023,09:06:01,stripe,completed,8,2023
46ICNGEQS5JT,kylealhoa@yahoo.com,golf clubs,sports_equipment,2,2298.31,0,0.0,0,4596.61,08/16/2023,22:33:41,stripe,completed,8,2023
TBWQCVIYRY7L,kylealhoa@yahoo.com,sectional sofa,furniture,4,10592.98,0,0.0,0,42371.92,08/26/2023,15:11:43,paypal,completed,8,2023
SC76C67UOPSL,deestpaul@yahoo.com,pajamas,clothing,1,180.36,20,36.07,0,144.29,08/14/2023,16:01:02,credit_card,completed,8,2023
XA5C9NKRJ907,siapia@icloud.com,electric kettle parts,home_appliances,2,1076.91,25,538.46,0,1615.37,08/31/2023,06:07:38,stripe,completed,8,2023
ZPW46L991ISC,siapia@icloud.com,mystery novel,books,1,91.95,25,22.99,0,68.97,08/11/2023,07:57:18,credit_card,completed,8,2023
R7M0D1CR2RCL,siapia@icloud.com,running shoes,footwear,2,173.87,10,34.77,0,312.97,08/31/2023,17:09:54,stripe,completed,8,2023
MPAG0I9IG99Z,fayemcquo@yahoo.com,coffee machine,kitchenware,1,140.46,0,0.0,0,140.46,08/16/2023,13:47:40,credit_card,completed,8,2023
NY9D7HQKRU6U,fayemcquo@yahoo.com,pet bed,pet_supplies,1,178.56,5,8.93,0,169.63,08/27/2023,05:36:22,paypal,completed,8,2023
S46KKFRJ7INC,fayemcquo@yahoo.com,dehumidifier,home_appliances,1,3388.25,25,847.06,0,2541.19,08/02/2023,03:51:36,credit_card,completed,8,2023
ZZK194CNCELX,fayemcquo@yahoo.com,laptop,electronics,1,1301.51,0,0.0,0,1301.51,08/12/2023,00:59:39,credit_card,completed,8,2023
ALHN32BBPX3A,fayemcquo@yahoo.com,dress,clothing,1,536.4,25,134.1,0,402.3,08/03/2023,21:45:16,credit_card,completed,8,2023
JO9UH6EOCZ0B,gracejohn@gmail.com,food processor,kitchenware,1,778.81,0,0.0,0,778.81,08/15/2023,01:44:31,stripe,completed,8,2023
O95PT8A8NPVF,gracejohn@gmail.com,underwear,clothing,1,291.08,0,0.0,0,291.08,08/25/2023,08:22:53,stripe,completed,8,2023
8QJSVLWJKXD8,yasvoncaisen@outlook.com,gym bag,sports_equipment,1,2020.27,0,0.0,0,2020.27,08/10/2023,01:21:22,paypal,completed,8,2023
GGD651WQFIOC,yasvoncaisen@outlook.com,makeup remover wipes,beauty_products,1,49.13,0,0.0,5.44,54.57,08/11/2023,07:11:13,credit_card,completed,8,2023
ISFMOF3IA5UH,yasvoncaisen@outlook.com,headphones,electronics,1,3873.45,5,193.67,0,3679.78,08/10/2023,21:12:23,credit_card,completed,8,2023
CPIJ9EOV24WI,yasvoncaisen@outlook.com,bar stools,furniture,1,1340.73,0,0.0,0,1340.73,08/25/2023,15:37:36,stripe,completed,8,2023
07GLOPSQ5SD8,moemcben@aol.com,gaming mouse,electronics,3,3107.55,0,0.0,0,9322.64,08/22/2023,22:17:04,paypal,completed,8,2023
O5DWUO4O3ARI,moemcben@aol.com,jeans,clothing,1,411.93,0,0.0,0,411.93,08/22/2023,17:59:09,stripe,completed,8,2023
80ZBMBNZYIQQ,moemcben@aol.com,dress shirt,clothing,1,553.01,0,0.0,0,553.01,08/03/2023,13:32:31,credit_card,completed,8,2023
0AHE8NCYYYZW,moemcben@aol.com,4K TV,electronics,1,2466.4,0,0.0,0,2466.4,08/07/2023,12:41:19,credit_card,completed,8,2023
9OQGQ67LPHNX,moemcben@aol.com,pet grooming wipes,pet_supplies,3,96.33,0,0.0,0,289.0,08/02/2023,18:56:04,stripe,completed,8,2023
U0163ILNKJ0X,yaraleleo@yahoo.com,humidifier filters,home_appliances,1,794.49,20,158.9,0,635.59,08/10/2023,15:01:57,stripe,completed,8,2023
VI2V5VO4CZ3A,yaraleleo@yahoo.com,sectional sofa covers,furniture,1,3184.07,0,0.0,0,3184.07,08/15/2023,07:47:16,paypal,completed,8,2023
VVQ792HJYVSX,olavonquo@hotmail.com,rice cooker,kitchenware,1,780.61,10,78.06,0,702.55,08/16/2023,18:17:09,stripe,completed,8,2023
SHUAA3BS8M7L,olavonquo@hotmail.com,video game console,toys,1,30.63,25,7.66,0,22.98,08/13/2023,08:57:19,credit_card,completed,8,2023
8QUGNMDIS0TX,olavonquo@hotmail.com,foam roller,sports_equipment,1,1439.25,0,0.0,0,1439.25,08/03/2023,18:04:45,stripe,completed,8,2023
VKMIWLVJ22WG,olavonquo@hotmail.com,dress,clothing,1,536.23,0,0.0,0,536.23,08/12/2023,04:02:07,credit_card,completed,8,2023
TUHIQZQZH1R4,wynria@gmail.com,tweezers,beauty_products,1,132.46,0,0.0,0,132.46,08/14/2023,21:37:06,stripe,completed,8,2023
FUSIWZ3WA9NP,wynria@gmail.com,bookshelf,furniture,1,8492.9,0,0.0,0,8492.9,08/30/2023,05:22:12,stripe,completed,8,2023
G09W75HC0LJ4,emmakia@gmail.com,whisk,kitchenware,1,154.43,0,0.0,0,154.43,08/27/2023,10:15:14,credit_card,completed,8,2023
RRVIT01PBWMJ,emmakia@gmail.com,trampoline accessories,toys,5,13.9,5,3.47,0,66.01,08/13/2023,17:27:57,credit_card,completed,8,2023
LE0VW5DTY5VU,ivystnate@outlook.com,exercise ball,sports_equipment,5,2064.96,0,0.0,0,10324.79,08/15/2023,08:21:52,paypal,completed,8,2023
AOBQGREURD99,ivystnate@outlook.com,book storage box,books,1,22.96,0,0.0,0,22.96,08/05/2023,08:21:18,paypal,completed,8,2023
LC3YD6E9UH5D,ivystnate@outlook.com,toaster oven,kitchenware,1,687.6,0,0.0,0,687.6,08/04/2023,02:18:28,stripe,completed,8,2023
OJ465QQB9SUL,ivystnate@outlook.com,blender accessories,home_appliances,1,1960.15,0,0.0,0,1960.15,08/02/2023,21:52:14,paypal,completed,8,2023
G6K7P1QJZ50S,saramcchris@outlook.com,pressure cooker,kitchenware,1,417.98,0,0.0,0,417.98,08/21/2023,18:20:15,credit_card,completed,8,2023
EJRMM6EWJXTK,saramcchris@outlook.com,remote control car,toys,1,240.1,0,0.0,0,240.1,08/06/2023,15:47:31,paypal,completed,8,2023
8KPJELG8HHSB,emmaevesen@yahoo.com,trench coat,clothing,1,209.61,0,0.0,0,209.61,08/24/2023,01:15:17,stripe,completed,8,2023
